case_id,tumour_site,stage_notes,dukes,pT,pN,pM,sex,age,MMR,MSI,KRAS,NRAS,BRAF,dataset,case_id_norm,age_norm,sex_norm,site_group_norm,side_norm,pT_cat,pN_cat,pM_cat,N_status_norm,stage_simplified,MMR_status_norm,MSI_status_norm,KRAS_status_norm,NRAS_status_norm,BRAF_status_norm,hist_type_norm,grade_norm,lesion_class_norm,LN_examined_norm,LN_positive_norm,LVI_norm,PNI_norm,death_5y_norm,os_days_norm
2,rectosigmoid biopsy,,,,,,F,36,Not performed,No MSI,No mutation,c.35G>T p.(Gly12Val) (also known as G12V),No mutation,SR1482,2,36,F,rectosigmoid,rectosigmoid,,,,,,,MSS_or_non_MSIH,WT,Mutated,WT,,,malignant,,,,,,
3,distal sigmoid colon polyp,,,,,,F,36,Not performed,No MSI,No mutation,c.35G>T p.(Gly12Val) (also known as G12V),No mutation,SR1482,3,36,F,sigmoid,left,,,,,,,MSS_or_non_MSIH,WT,Mutated,WT,,,malignant,,,,,,
5,right colon,pT3 pN2b pM1a,,pT3,pN2b,pM1a,F,66,Not performed,No MSI,c.38G>A p.(Gly13Asp),Not performed,No mutation,SR1482,5,66,F,right_colon,right,pT3,pN2b,pM1a,N+(>3),,,MSS_or_non_MSIH,Mutated,,WT,other,,malignant,,,,,,
17,proximal sigmoid colon biopsy,,,,,,F,57,No loss,Not performed,c.38G>A p.(Gly13Asp),Not performed,No mutation,SR1482,17,57,F,sigmoid,left,,,,,,pMMR,,Mutated,,WT,,,malignant,,,,,,
18,rectal biopsy,,,,,,M,47,No loss,Not performed,No mutation,No mutation,No mutation,SR1482,18,47,M,rectum,rectum,,,,,,pMMR,,WT,WT,WT,,,malignant,,,,,,
20,distal transverse colon,,,,,,F,56,The tumour cells show positive nuclear staining for MSH2 and MSH6 but there is partial loss of nuclear staining for MLH1 and PMS2.  Areas of tumour with similar morphology show a different pattern of staining which is difficult to explain,Not performed,c.35G>A p.(Gly12Asp),No mutation,No mutation,SR1482,20,56,F,transverse_colon,transverse,,,,,,dMMR,,Mutated,WT,WT,,,malignant,,,,,,
21,descending colon,,,,,,M,45,No loss,No MSI,c.35G>A p.(Gly12Asp),No mutation,No mutation,SR1482,21,45,M,left_colon,left,,,,,,pMMR,MSS_or_non_MSIH,Mutated,WT,WT,,,malignant,,,,,,
22,proximal rectal lesion biopsy,,,,,,M,46,No Loss,Not performed,No mutation,No mutation,No mutation,SR1482,22,46,M,rectum,rectum,,,,,,pMMR,,WT,WT,WT,,,malignant,,,,,,
27,distal sigmoid colon,,,,,,M,56,No loss,Not performed,c.34G>T p.(Gly12Cys),No mutation,Not performed,SR1482,27,56,M,sigmoid,left,,,,,,pMMR,,Mutated,WT,,,,malignant,,,,,,
31,rectal biopsy,,,,,,M,55,No Loss,Not performed,c.436G>A p.(Ala146Thr),No mutation,No mutation,SR1482,31,55,M,rectum,rectum,,,,,,pMMR,,Mutated,WT,WT,,,malignant,,,,,,
32,descending colon biopsy,,,,,,M,79,Not performed,Not performed,No mutation,No mutation,No mutation,SR1482,32,79,M,left_colon,left,,,,,,,,WT,WT,WT,,,malignant,,,,,,
33,distal sigmoid / rectosigmoid biopsy,,,,,,M,52,No loss,Not performed,No mutation,No mutation,No mutation,SR1482,33,52,M,rectosigmoid,rectosigmoid,,,,,,pMMR,,WT,WT,WT,,,malignant,,,,,,
41,rectosigmoid junction biopsy,,,,,,M,57,No Loss,Not performed,c.183A>C p.(Gln61His),No mutation,No mutation,SR1482,41,57,M,rectosigmoid,rectosigmoid,,,,,,pMMR,,Mutated,WT,WT,,,malignant,,,,,,
42,ascending colon biopsy,,,,,,M,75,No Loss,Not performed,No mutation,No mutation,No mutation,SR1482,42,75,M,right_colon,right,,,,,,pMMR,,WT,WT,WT,,,malignant,,,,,,
48,rectal biopsy,ypT2 N0 cM1,,ypT2,N0,cM1,M,56,No loss,Not performed,No mutation,No mutation,No mutation,SR1482,48,56,M,rectum,rectum,pT2,N0,cM1,N0,,pMMR,,WT,WT,WT,other,,malignant,,,,,,
49,proximal sigmoid colon,,,,,,F,51,No loss,No MSI,No mutation,No mutation,No mutation,SR1482,49,51,F,sigmoid,left,,,,,,pMMR,MSS_or_non_MSIH,WT,WT,WT,,,malignant,,,,,,
50,proximal sigmoid colon biospy,suspicious but not diagnostic of adenocarcinoma,,,,,F,50,No Loss,Not performed,c.35G>T p.(Gly12Val),No mutation,No mutation,SR1482,50,50,F,sigmoid,left,,,,,,pMMR,,Mutated,WT,WT,adenocarcinoma,,malignant,,,,,,
57,rectal biopsy,,,,,,M,55,No loss,No MSI,c.34G>T p.(Gly12Cys),No mutation,No mutation,SR1482,57,55,M,rectum,rectum,,,,,,pMMR,MSS_or_non_MSIH,Mutated,WT,WT,,,malignant,,,,,,
60,sigmoid colon,pT3 pN0,,pT3,pN0,,F,57,Not performed,No MSI,No mutation,No mutation,No mutation,SR1482,60,57,F,sigmoid,left,pT3,pN0,,N0,,,MSS_or_non_MSIH,WT,WT,WT,other,,malignant,,,,,,
61,hepatic flexure,pT3 pN0,,pT3,pN0,,M,65,Not performed,No MSI,No mutation,No mutation,c.1799T>A p.(Val600Glu),SR1482,61,65,M,right_colon,right,pT3,pN0,,N0,,,MSS_or_non_MSIH,WT,WT,Mutated,other,,malignant,,,,,,
63,caecum,pT4b pN2a,,pT4b,pN2a,,M,72,"ss of nuclear staining for MLH1, PMS2 as well as only focal loss for both MSH2 and MSH6 in an area of the tumour with solid morphology",MSI High,No mutation,No mutation,No mutation,SR1482,63,72,M,right_colon,right,pT4b,pN2a,,N+(>3),,dMMR,MSI-H,WT,WT,WT,other,,malignant,,,,,,
64,caecum,pT4a pN2a pM1c,,pT4a,pN2a,pM1c,M,58,Not performed,No MSI,c.35G>A p.(Gly12Asp),Not performed,No mutation,SR1482,64,58,M,right_colon,right,pT4a,pN2a,pM1c,N+(>3),,,MSS_or_non_MSIH,Mutated,,WT,other,,malignant,,,,,,
65,caecum,pT4a N0,,pT4a,N0,,F,66,Not performed,No MSI,c.35G>A p.(Gly12Asp),Not performed,No mutation,SR1482,65,66,F,right_colon,right,pT4a,N0,,N0,,,MSS_or_non_MSIH,Mutated,,WT,other,,malignant,,,,,,
66,hepatic flexure,"pT4b, N2a, M1c",,pT4b,2Na,M1c,M,69,Not performed,No MSI,No mutation,No mutation,c.1799T>A p.(Val600Glu),SR1482,66,69,M,right_colon,right,pT4b,,M1c,,,,MSS_or_non_MSIH,WT,WT,Mutated,other,,malignant,,,,,,
68,ascending colon biopsy,,,,,,F,41,No Loss,No MSI,c.34G>T p.(Gly12Cys),Not performed,No mutation,SR1482,68,41,F,right_colon,right,,,,,,pMMR,MSS_or_non_MSIH,Mutated,,WT,,,malignant,,,,,,
69,rectum,,,,,,M,61,Not performed,No MSI,c.35G>A p.(Gly12Asp),No mutation,No mutation,SR1482,69,61,M,rectum,rectum,,,,,,,MSS_or_non_MSIH,Mutated,WT,WT,,,malignant,,,,,,
71,sigmoid colon,pT4b pN0,,pT4a,pN0,,M,79,Not performed,No MSI,c.35G>C p.(Gly12Ala),Not performed,No mutation,SR1482,71,79,M,sigmoid,left,pT4a,pN0,,N0,,,MSS_or_non_MSIH,Mutated,,WT,other,,malignant,,,,,,
74,caecum,pT3 pN0.,,pT3,pN0,,M,56,Not performed,No MSI,c.35G>T p.(Gly12Val),Not performed,No mutation,SR1482,74,56,M,right_colon,right,pT3,pN0,,N0,,,MSS_or_non_MSIH,Mutated,,WT,other,,malignant,,,,,,
75,hepatic flexure,pT3 N1a,,pT3,N1a,,M,71,Not performed,No MSI,c.436G>A p.(Ala146Thr),No mutation,No mutation,SR1482,75,71,M,right_colon,right,pT3,N1a,,N+(1-3),,,MSS_or_non_MSIH,Mutated,WT,WT,other,,malignant,,,,,,
78,rectum,,,,,,F,23,Loss of MLH1 & PMS2,Not performed,No mutation,No mutation,No mutation,SR1482,78,23,F,rectum,rectum,,,,,,dMMR,,WT,WT,WT,,,malignant,,,,,,
79,transverse colon,pT4b pN2b pM1.,,pT4b,pN2b,pM1,F,72,Loss of MLH1 & PMS2,MSI High,No mutation,No mutation,c.1799T>A p.(Val600Glu),SR1482,79,72,F,transverse_colon,transverse,pT4b,pN2b,pM1,N+(>3),,dMMR,MSI-H,WT,WT,Mutated,other,,malignant,,,,,,
80,ascending colon,pT4a pN0.,,pT4a,pN0,,M,71,Not performed,No MSI,c.38G>A p.(Gly13Asp),No mutation,No mutation,SR1482,80,71,M,right_colon,right,pT4a,pN0,,N0,,,MSS_or_non_MSIH,Mutated,WT,WT,other,,malignant,,,,,,
81,upper rectum,"ypT3, N1c",,ypT3,N1c,,M,74,Not performed,No MSI,c.35G>A p.(Gly12Asp),No mutation,No mutation,SR1482,81,74,M,rectum,rectum,pT3,N1c,,N+(1-3),,,MSS_or_non_MSIH,Mutated,WT,WT,other,,malignant,,,,,,
82,sigmoid,"pT4b, pN0.",,pT4b,pN0,,F,60,Not performed,No MSI,c.183A>T p.(Gln61His),No mutation,No mutation,SR1482,82,60,F,sigmoid,left,pT4b,pN0,,N0,,,MSS_or_non_MSIH,Mutated,WT,WT,other,,malignant,,,,,,
83,"caecum with metastatic deposits in umbilicus, surface of left colon and small bowel wall.","pT4a, pN1b, pM1c.",,pT4a,pN1b,pM1c,M,55,Not performed,No MSI,No mutation,No mutation,c.1799T>A p.(Val600Glu),SR1482,83,55,M,left_colon,left,pT4a,pN1b,pM1c,N+(1-3),,,MSS_or_non_MSIH,WT,WT,Mutated,other,,malignant,,,,,,
84,rectum,"pT3 pN2 Mx R0, Dukes' C1",C1,pT3,pN2,Mx,M,61,No loss,Not performed,c.35G>A p.(Gly12Asp),No mutation,Not performed,SR1482,84,61,M,rectum,rectum,pT3,pN2,,N+(>3),III,pMMR,,Mutated,WT,,other,,malignant,,,,,,
85,sigmoid colon biopsy,,,,,,F,33,No loss,Not performed,No mutation,No mutation,Not performed,SR1482,85,33,F,sigmoid,left,,,,,,pMMR,,WT,WT,,,,malignant,,,,,,
86,rectum,"Dukes b,  pT3, N0.",B,pT3,N0,,M,45,No loss,Not performed,No mutation,No mutation,No mutation,SR1482,86,45,M,rectum,rectum,pT3,N0,,N0,II,pMMR,,WT,WT,WT,other,,malignant,,,,,,
87,rectosigmoid junction biopsy ,,,,,,F,52,Not performed,No MSI,No mutation,No mutation,c.1799T>A p.(Val600Glu),SR1482,87,52,F,rectosigmoid,rectosigmoid,,,,,,,MSS_or_non_MSIH,WT,WT,Mutated,,,malignant,,,,,,
89,rectal biopsy,,,,,,F,58,Not performed,No MSI,No mutation,No mutation,No mutation,SR1482,89,58,F,rectum,rectum,,,,,,,MSS_or_non_MSIH,WT,WT,WT,,,malignant,,,,,,
90,rectal biopsy,,,,,,F,68,Not performed,No MSI,c.35G>A p.(Gly12Asp),Not performed,No mutation,SR1482,90,68,F,rectum,rectum,,,,,,,MSS_or_non_MSIH,Mutated,,WT,,,malignant,,,,,,
91,sigmoid colon,,,,,,M,61,No loss,Not performed,No mutation,No mutation,No mutation,SR1482,91,61,M,sigmoid,left,,,,,,pMMR,,WT,WT,WT,,,malignant,,,,,,
93,rectal sigmoid biopsy,,,,,,F,59,No loss,Not performed,c.35G>A p.(Gly12Asp),No mutation,No mutation,SR1482,93,59,F,rectum,rectum,,,,,,pMMR,,Mutated,WT,WT,,,malignant,,,,,,
94,caecum,pT4a N0,,pT4a,N0,,M,72,Not performed,MSI High,No mutation,No mutation,c.1799T>A p.(Val600Glu),SR1482,94,72,M,right_colon,right,pT4a,N0,,N0,,,MSI-H,WT,WT,Mutated,other,,malignant,,,,,,
95,rectum,ypT3 N1 M1 moderately differentiated adenocarcinoma; margins clear,,ypT3,N1,M1,F,46,No loss,Not performed,No mutation,No mutation,No mutation,SR1482,95,46,F,rectum,rectum,pT3,N1,M1,N+(1-3),,pMMR,,WT,WT,WT,adenocarcinoma,G2,malignant,,,,,,
96,transverse colon,"Dukes C2,  pT4b N2 with extramural venous invasion",C2,pT4b,N2,,F,48,Loss of MLH1 & PMS2,Not performed,No mutation,No mutation,No mutation,SR1482,96,48,F,transverse_colon,transverse,pT4b,N2,,N+(>3),III,dMMR,,WT,WT,WT,other,,malignant,,,,,,
97,caecum / proximal ascending,pT3 N0,,pT3,N0,,F,80,Not performed,MSI High,No mutation,No mutation,c.1799T>A p.(Val600Glu),SR1482,97,80,F,right_colon,right,pT3,N0,,N0,,,MSI-H,WT,WT,Mutated,other,,malignant,,,,,,
98,rectosigmoid,pT4a pN0,,pT4a,pN0,,M,56,Not performed,No MSI,c.38G>A p.(Gly13Asp),No mutation,No mutation,SR1482,98,56,M,rectosigmoid,rectosigmoid,pT4a,pN0,,N0,,,MSS_or_non_MSIH,Mutated,WT,WT,other,,malignant,,,,,,
99,rectal lesion biopsy,,,,,,F,48,Not performed,No MSI,No mutation,No mutation,No mutation,SR1482,99,48,F,rectum,rectum,,,,,,,MSS_or_non_MSIH,WT,WT,WT,,,malignant,,,,,,
100,descending colon,pT3 pN0,,pT3,pN0,,M,66,No Loss,Not performed,c.35G>T p.(Gly12Val),Not performed,Failed,SR1482,100,66,M,left_colon,left,pT3,pN0,,N0,,pMMR,,Mutated,,,other,,malignant,,,,,,
101,rectum,"Duke's B, pT3 N0 MX (0/12 lymph nodes),",B,pT3,N0,Mx,F,58,No loss,Not performed,No mutation,No mutation,No mutation,SR1482,101,58,F,rectum,rectum,pT3,N0,,N0,II,pMMR,,WT,WT,WT,other,,malignant,,,,,,
104,distal transverse,pT3 pN0; histologically Dukes'stage B (clinically Dukes' stage D); extramural venous invasion present; completely resected.,B (clinically D),pT3,pN0,,F,67,No loss,Not performed,No mutation,No mutation,Not performed,SR1482,104,67,F,transverse_colon,transverse,pT3,pN0,,N0,,pMMR,,WT,WT,,other,,malignant,,,,,,
106,rectum,"At least high grade dysplasia, highly suspicious of adenocarcinoma",,,,,M,60,No loss,Not performed,c.35G>A p.(Gly12Asp),No mutation,No mutation,SR1482,106,60,M,rectum,rectum,,,,,,pMMR,,Mutated,WT,WT,adenocarcinoma,,malignant,,,,,,
107,proximal transverse colonic biopsy,,,,,,F,77,Loss of MLH1 & PMS2,Not performed,No mutation,No mutation,c.1799T>A p.(Val600Glu),SR1482,107,77,F,transverse_colon,transverse,,,,,,dMMR,,WT,WT,Mutated,,,malignant,,,,,,
108,rectosigmoid junction,,,,,,F,75,Not performed,No MSI,c.35G>T p.(Gly12Val),No mutation,No mutation,SR1482,108,75,F,rectosigmoid,rectosigmoid,,,,,,,MSS_or_non_MSIH,Mutated,WT,WT,,,malignant,,,,,,
109,rectal biopsy,,,,,,F,61,Not performed,Not performed,No mutation,No mutation,No mutation,SR1482,109,61,F,rectum,rectum,,,,,,,,WT,WT,WT,,,malignant,,,,,,
110,rectal biopsy,,,,,,M,70,No Loss,Not performed,c.35G>C p.(Gly12Ala),No mutation,No mutation,SR1482,110,70,M,rectum,rectum,,,,,,pMMR,,Mutated,WT,WT,,,malignant,,,,,,
111,ascending colon biopsy,,,,,,F,57,No Loss,Not performed,c.182A>G p.(Gln61Arg),Not performed,No mutation,SR1482,111,57,F,right_colon,right,,,,,,pMMR,,Mutated,,WT,,,malignant,,,,,,
112,rectal biopsy,,,,,,M,53,No Loss,Not performed,c.35G>A p.(Gly12Asp),No mutation,No mutation,SR1482,112,53,M,rectum,rectum,,,,,,pMMR,,Mutated,WT,WT,,,malignant,,,,,,
113,caecum,pT3 pN0.,,pT3,pN0,,M,60,Not performed,No MSI,c.35G>A p.(Gly12Asp),No mutation,No mutation,SR1482,113,60,M,right_colon,right,pT3,pN0,,N0,,,MSS_or_non_MSIH,Mutated,WT,WT,other,,malignant,,,,,,
114,anorectal biopsy,,,,,,F,77,No Loss,Not performed,c.35G>A p.(Gly12Asp),No mutation,No mutation,SR1482,114,77,F,rectum,rectum,,,,,,pMMR,,Mutated,WT,WT,,,malignant,,,,,,
115,rectum,pT3 pN0.,,pT3,pN0,,M,63,Not performed,No MSI,No mutation,No mutation,No mutation,SR1482,115,63,M,rectum,rectum,pT3,pN0,,N0,,,MSS_or_non_MSIH,WT,WT,WT,other,,malignant,,,,,,
116,caecum,pT4a pN2a,,pT4a,pN2a,,F,77,Not performed,No MSI,c.436G>A p.(Ala146Thr),No mutation,No mutation,SR1482,116,77,F,right_colon,right,pT4a,pN2a,,N+(>3),,,MSS_or_non_MSIH,Mutated,WT,WT,other,,malignant,,,,,,
117,rectosigmoid anterior resection,pT3 pN2b,,pT3,pN2b,,M,54,Not performed,No MSI,c.182A>G p.(Gln61Arg),No mutation,No mutation,SR1482,117,54,M,rectosigmoid,rectosigmoid,pT3,pN2b,,N+(>3),,,MSS_or_non_MSIH,Mutated,WT,WT,other,,malignant,,,,,,
118,caecum / ascending colon,"Dukes' C1,  pT4a&b, N1 with direct invasion of fallopian tube and sigmoid colon and extramural venous invasion",C1,pT4a&b,N1,,F,40,No loss,No MSI,c.35G>A p.(Gly12Asp),No mutation,No mutation,SR1482,118,40,F,right_colon,right,pT4a,N1,,N+(1-3),III,pMMR,MSS_or_non_MSIH,Mutated,WT,WT,other,,malignant,,,,,,
120,caecum,Dukes c pT4b pN2; R2 ; extramural venous invasion and extensive peritoneal disease.,C,pT4b,pN2,,M,57,No loss,No MSI,No mutation,No mutation,c.1799T>A p.(Val600Glu),SR1482,120,57,M,right_colon,right,pT4b,pN2,,N+(>3),III,pMMR,MSS_or_non_MSIH,WT,WT,Mutated,other,,malignant,,,,,,
121,distal sigmoid colon biopsy,,,,,,F,57,Not performed,No MSI,c.34G>A p.(Gly12Ser),No mutation,No mutation,SR1482,121,57,F,sigmoid,left,,,,,,,MSS_or_non_MSIH,Mutated,WT,WT,,,malignant,,,,,,
122,anorectal biopsy,,,,,,M,81,Not performed,No MSI,No mutation,No mutation,No mutation,SR1482,122,81,M,rectum,rectum,,,,,,,MSS_or_non_MSIH,WT,WT,WT,,,malignant,,,,,,
124,caecum,pT4 pN2 M1,,pT4,pN2,M1,F,71,Not performed,No MSI,No mutation,No mutation,No mutation,SR1482,124,71,F,right_colon,right,pT4,pN2,M1,N+(>3),,,MSS_or_non_MSIH,WT,WT,WT,other,,malignant,,,,,,
125,descending / sigmoid colon,pT4a N1a (1 / 17),,pT4a,N1a,,F,82,Not performed,No MSI,No mutation,No mutation,No mutation,SR1482,125,82,F,sigmoid,left,pT4a,N1a,,N+(1-3),,,MSS_or_non_MSIH,WT,WT,WT,other,,malignant,,,,,,
126,descending / sigmoid colon,pT4a N1a (1 / 17),,pT4a,N1a,,F,82,Not performed,No MSI,No mutation,No mutation,No mutation,SR1482,126,82,F,sigmoid,left,pT4a,N1a,,N+(1-3),,,MSS_or_non_MSIH,WT,WT,WT,other,,malignant,,,,,,
128,rectum,Dukes C pT3 pN2 cM1 (TNM 5th Ed.),C,pT3,pN2,cM1,M,60,No loss,Not performed,No mutation,No mutation,Not performed,SR1482,128,60,M,rectum,rectum,pT3,pN2,cM1,N+(>3),III,pMMR,,WT,WT,,other,,malignant,,,,,,
131,sigmoid colon,pT4b pN2a pM1c,,pT4b,pN2a,pM1c,F,57,Not performed,No MSI,No mutation,No mutation,c.1799T>A p.(Val600Glu),SR1482,131,57,F,sigmoid,left,pT4b,pN2a,pM1c,N+(>3),,,MSS_or_non_MSIH,WT,WT,Mutated,other,,malignant,,,,,,
132,proximal transverse colon,pT3 pN0.,,pT3,pN0,,M,72,Not performed,No MSI,No mutation,No mutation,No mutation,SR1482,132,72,M,transverse_colon,transverse,pT3,pN0,,N0,,,MSS_or_non_MSIH,WT,WT,WT,other,,malignant,,,,,,
136,ascending colon,pT4a pN1a,,pT4a,pN1a,,F,75,Loss of MLH1 & PMS2,Not performed,No mutation,No mutation,c.1799T>A p.(Val600Glu),SR1482,136,75,F,right_colon,right,pT4a,pN1a,,N+(1-3),,dMMR,,WT,WT,Mutated,other,,malignant,,,,,,
137,anterior resection for a rectosigmoid tumour,"Dukes C1:  pT4b, pN2, completely excised with intra and extramural venous invasion",C1,pT4b,pN2,,M,84,No loss,Not performed,No mutation,No mutation,Not performed,SR1482,137,84,M,rectosigmoid,rectosigmoid,pT4b,pN2,,N+(>3),III,pMMR,,WT,WT,,other,,malignant,,,,,,
138,rectal biopsy,,,,,,M,76,Not performed,No MSI,c.35G>A p.(Gly12Asp),No mutation,No mutation,SR1482,138,76,M,rectum,rectum,,,,,,,MSS_or_non_MSIH,Mutated,WT,WT,,,malignant,,,,,,
140,sigmoid colon,,,,,,M,45,No Loss,Not performed,c.37G>T p.(Gly13Cys),Not performed,No mutation,SR1482,140,45,M,sigmoid,left,,,,,,pMMR,,Mutated,,WT,,,malignant,,,,,,
141,rectal biopsy,,,,,,M,35,Not performed,Not performed,Not performed,Not performed,Not performed,SR1482,141,35,M,rectum,rectum,,,,,,,,,,,,,malignant,,,,,,
142,sigmoid colon lesion biopsy,,,,,,F,40,No loss,No MSI,c.35G>A p.(Gly12Asp),Not performed,Not performed,SR1482,142,40,F,sigmoid,left,,,,,,pMMR,MSS_or_non_MSIH,Mutated,,,,,malignant,,,,,,
143,ascending colon,pT3 N2a,,pT3,N2a,,M,59,Not performed,No MSI,c.38G>A p.(Gly13Asp),No mutation,No mutation,SR1482,143,59,M,right_colon,right,pT3,N2a,,N+(>3),,,MSS_or_non_MSIH,Mutated,WT,WT,other,,malignant,,,,,,
146,rectum,ypT4a ypN2b ypM1c,,ypT4a,ypN2b,ypM1c,M,67,Not performed,No MSI,c.35G>A p.(Gly12As),No mutation,No mutation,SR1482,146,67,M,rectum,rectum,pT4a,pN2b,pM1c,N+(>3),,,MSS_or_non_MSIH,Mutated,WT,WT,other,,malignant,,,,,,
147,caecum,pT4b pN2b cM1(liver),,pT4b,pN2b,cM1 (liver),M,35,Not performed,No MSI,c.436G>A p.(Ala146Thr),No mutation,No mutation,SR1482,147,35,M,right_colon,right,pT4b,pN2b,cM1,N+(>3),,,MSS_or_non_MSIH,Mutated,WT,WT,other,,malignant,,,,,,
148,caecum,pT4a pN1b,,pT4a,pN1b,,F,41,Not performed,No MSI,No mutation,No mutation,No mutation,SR1482,148,41,F,right_colon,right,pT4a,pN1b,,N+(1-3),,,MSS_or_non_MSIH,WT,WT,WT,other,,malignant,,,,,,
149,caecum,pT3 pN1b pM1c,,pT3,pN1b,pM1c,F,74,Not performed,Not performed,c.35G>T p.(Gly12Val),No mutation,No mutation,SR1482,149,74,F,right_colon,right,pT3,pN1b,pM1c,N+(1-3),,,,Mutated,WT,WT,other,,malignant,,,,,,
150,rectal biopsy,,,,,,F,56,No Loss,Not performed,No mutation,No mutation,No mutation,SR1482,150,56,F,rectum,rectum,,,,,,pMMR,,WT,WT,WT,,,malignant,,,,,,
151,rectum biopsy,,,,,,F,52,No Loss,Not performed,No mutation,No mutation,No mutation,SR1482,151,52,F,rectum,rectum,,,,,,pMMR,,WT,WT,WT,,,malignant,,,,,,
153,hepatic flexure biopsy,,,,,,M,69,No Loss,Not performed,No mutation,No mutation,No mutation,SR1482,153,69,M,right_colon,right,,,,,,pMMR,,WT,WT,WT,,,malignant,,,,,,
154,rectal biopsy,,,,,,M,60,Not performed,No MSI,c.436G>A p.(Ala146Thr),No mutation,No mutation,SR1482,154,60,M,rectum,rectum,,,,,,,MSS_or_non_MSIH,Mutated,WT,WT,,,malignant,,,,,,
155,hepatic flexure biopsy,pT4b pN2;  7/29 nodes involved; Dukes' stage C1; extramural venous invasion present; completely excised.,C1,pT4b,pN2,,M,59,Loss of MLH1 & PMS2,Not performed,No mutation,No mutation,c.1799T>A p.(Val600Glu),SR1482,155,59,M,right_colon,right,pT4b,pN2,,N+(>3),III,dMMR,,WT,WT,Mutated,other,,malignant,,,,,,
156,rectal biopsy,,,,,,F,52,No Loss,Not performed,No mutation,No mutation,No mutation,SR1482,156,52,F,rectum,rectum,,,,,,pMMR,,WT,WT,WT,,,malignant,,,,,,
158,rectal biopsy,,,,,,F,68,Not performed,No MSI,c.35G>T p.(Gly12Val),No mutation,No mutation,SR1482,158,68,F,rectum,rectum,,,,,,,MSS_or_non_MSIH,Mutated,WT,WT,,,malignant,,,,,,
159,descending colon,pT4a pN1b,,pT4a,pN1b,,M,74,Not performed,No MSI,c.34G>A p.(Gly12Ser),No mutation,No mutation,SR1482,159,74,M,left_colon,left,pT4a,pN1b,,N+(1-3),,,MSS_or_non_MSIH,Mutated,WT,WT,other,,malignant,,,,,,
160,distal sigmoid colon,,,,,,M,60,Not performed,No MSI,No mutation,No mutation,No mutation,SR1482,160,60,M,sigmoid,left,,,,,,,MSS_or_non_MSIH,WT,WT,WT,,,malignant,,,,,,
161,distal sigmoid colon,,,,,,M,60,Not performed,No MSI,No mutation,No mutation,No mutation,SR1482,161,60,M,sigmoid,left,,,,,,,MSS_or_non_MSIH,WT,WT,WT,,,malignant,,,,,,
162,proximal transverse colon biopsy,,,,,,F,58,No loss,Not performed,c.35G>T p.(Gly12Val),Not performed,Not performed,SR1482,162,58,F,transverse_colon,transverse,,,,,,pMMR,,Mutated,,,,,malignant,,,,,,
164,ascending colon,Dukes' D; pT4b pN2 pMx,D,pT4b,pN2,pMx,M,42,Loss of MLH1 & PMS2,MSI HIgh,No mutation,No mutation,No mutation,SR1482,164,42,M,right_colon,right,pT4b,pN2,,N+(>3),IV,dMMR,MSI-H,WT,WT,WT,other,,malignant,,,,,,
165,rectum biopsy,,,,,,F,58,No loss,Not performed,No mutation,c.182A>G p.(Gln61Arg) (also known as Q61R),No mutation,SR1482,165,58,F,rectum,rectum,,,,,,pMMR,,WT,Mutated,WT,,,malignant,,,,,,
166,mid transverse colonic biopsy,,,,,,F,83,Loss of MLH1 & PMS2,MSI High,No mutation,No mutation,c.1799T>A p.(Val600Glu),SR1482,166,83,F,transverse_colon,transverse,,,,,,dMMR,MSI-H,WT,WT,Mutated,,,malignant,,,,,,
167,caecum,pT3 pN1a.,,pT3,pN1a,,F,63,Not performed,No MSI,No mutation,No mutation,No mutation,SR1482,167,63,F,right_colon,right,pT3,pN1a,,N+(1-3),,,MSS_or_non_MSIH,WT,WT,WT,other,,malignant,,,,,,
168,rectosigmoid biopsy,,,,,,F,37,Not performed,No MSI,c.38G>A p.(Gly13Asp),No mutation,No mutation,SR1482,168,37,F,rectosigmoid,rectosigmoid,,,,,,,MSS_or_non_MSIH,Mutated,WT,WT,,,malignant,,,,,,
169,rectum,pT4a pN1b.,,pT4a,pN1b,,M,71,Not performed,No MSI,c.35G>A p.(Gly12Asp),No mutation,No mutation,SR1482,169,71,M,rectum,rectum,pT4a,pN1b,,N+(1-3),,,MSS_or_non_MSIH,Mutated,WT,WT,other,,malignant,,,,,,
170,upper rectal adenocarcinoma,"Dukes' C1, pT3 N2 MX, R0 with ischaemic/obstructive colitis and perforation in sigmoid colon",C1,pT3,N2,Mx,F,52,No loss,Not performed,c.35G>A p.(Gly12Asp),No mutation,No mutation,SR1482,170,52,F,rectum,rectum,pT3,N2,,N+(>3),III,pMMR,,Mutated,WT,WT,inflammatory,,malignant,,,,,,
171,sigmoid,pT3 N1c,,pT3,N1c,,M,74,Not performed,No MSI,c.35G>A p.(Gly12Asp),No mutation,No mutation,SR1482,171,74,M,sigmoid,left,pT3,N1c,,N+(1-3),,,MSS_or_non_MSIH,Mutated,WT,WT,other,,malignant,,,,,,
172,sigmoid colon,,,,,,F,69,No Loss,Not performed,No mutation,No mutation,No mutation,SR1482,172,69,F,sigmoid,left,,,,,,pMMR,,WT,WT,WT,,,malignant,,,,,,
173,caecum/ascending colon,Dukes' C1 pT4b N1 with extramural venous invasion.,C1,pT4b,N1,,F,84,No loss,Not performed,c.38G>A p.(Gly13Asp),No mutation,No mutation,SR1482,173,84,F,right_colon,right,pT4b,N1,,N+(1-3),III,pMMR,,Mutated,WT,WT,other,,malignant,,,,,,
174,sigmoid,"pT4a,  N2a",,pT4a,N2a,,M,53,Loss of MLH1 & PMS2,Not performed,c.35G>A p.(Gly12Asp),No mutation,No mutation,SR1482,174,53,M,sigmoid,left,pT4a,N2a,,N+(>3),,dMMR,,Mutated,WT,WT,other,,malignant,,,,,,
175,rectosigmoid,pT4a N2b,,pT4a,N2b,,M,68,Not performed,No MSI,No mutation,No mutation,No mutation,SR1482,175,68,M,rectosigmoid,rectosigmoid,pT4a,N2b,,N+(>3),,,MSS_or_non_MSIH,WT,WT,WT,other,,malignant,,,,,,
176,caecum,pT4a N2a,,pT4a,N2a,,M,68,Not performed,MSI High,Not performed,No mutation,c.1799T>A p.(Val600Glu),SR1482,176,68,M,right_colon,right,pT4a,N2a,,N+(>3),,,MSI-H,,WT,Mutated,other,,malignant,,,,,,
178,caecum/proximal ascending colon,,,,,,M,33,Loss of MSH2 & MSH6,MSI High,c.35G>A p.(Gly12Asp),No mutation,No mutation,SR1482,178,33,M,right_colon,right,,,,,,dMMR,MSI-H,Mutated,WT,WT,,,malignant,,,,,,
179,caecum,pT3 N0 (0 / 16),,pT3,N0,,F,58,Loss of MLH1 & PMS2,Not performed,c.34G>T p.(Gly12Cys),No mutation,No mutation,SR1482,179,58,F,right_colon,right,pT3,N0,,N0,,dMMR,,Mutated,WT,WT,other,,malignant,,,,,,
180,transverse colon,pT3N0,,pT3,N0,,M,34,Loss of MLH1 & PMS2,Not performed,No mutation,No mutation,No mutation,SR1482,180,34,M,transverse_colon,transverse,pT3,N0,,N0,,dMMR,,WT,WT,WT,other,,malignant,,,,,,
182,rectal biopsy,,,,,,F,51,No loss,Not performed,Insufficient,Insufficient,Insufficient,SR1482,182,51,F,rectum,rectum,,,,,,pMMR,,,,,,,malignant,,,,,,
183,ascending colon,,,,,,F,71,No Loss,Not performed,No mutation,c.181C>A p.(Gln61Lys),No mutation,SR1482,183,71,F,right_colon,right,,,,,,pMMR,,WT,Mutated,WT,,,malignant,,,,,,
185,sigmoid colon biopsy,,,,,,F,80,No Loss,Failed,No mutation,c.35G>A p.(Gly12Asp),No mutation,SR1482,185,80,F,sigmoid,left,,,,,,pMMR,,WT,Mutated,WT,,,malignant,,,,,,
186,rectum,,,,,,M,59,Not performed,No MSI,c.35G>T p.(Gly12Val),No mutation,No mutation,SR1482,186,59,M,rectum,rectum,,,,,,,MSS_or_non_MSIH,Mutated,WT,WT,,,malignant,,,,,,
187,caecum,Dukes c2 pT4 pN2 M1.,C2,pT4,pN2,M1,F,62,No loss,Not performed,No mutation,No mutation,c.1799T>A p.(Val600Glu),SR1482,187,62,F,right_colon,right,pT4,pN2,M1,N+(>3),III,pMMR,,WT,WT,Mutated,other,,malignant,,,,,,
189,rectum,ypT3 N1b,,ypT3,N1b,,F,50,No loss,Not performed,c.38G>A p.(Gly13Asp),No mutation,No mutation,SR1482,189,50,F,rectum,rectum,pT3,N1b,,N+(1-3),,pMMR,,Mutated,WT,WT,other,,malignant,,,,,,
190,rectum,,,,,,M,47,No loss,Not performed,c.38G>A p.(Gly13Asp),No mutation,No mutation,SR1482,190,47,M,rectum,rectum,,,,,,pMMR,,Mutated,WT,WT,,,malignant,,,,,,
193,rectosigmoid,pT4a pN1b.,,pT4a,pN1b,,F,66,Not performed,No MSI,No mutation,No mutation,No mutation,SR1482,193,66,F,rectosigmoid,rectosigmoid,pT4a,pN1b,,N+(1-3),,,MSS_or_non_MSIH,WT,WT,WT,other,,malignant,,,,,,
194,caecum,"Dukes' C1, pT3 N2 with extramural venous and lymphatic invasion.",C1,pT3,N2,,M,72,No loss,No MSI,No mutation,No mutation,No mutation,SR1482,194,72,M,right_colon,right,pT3,N2,,N+(>3),III,pMMR,MSS_or_non_MSIH,WT,WT,WT,other,,malignant,,,,,,
195,rectal cancer,,,,,,F,85,Not performed,No MSI,No mutation,No mutation,No mutation,SR1482,195,85,F,rectum,rectum,,,,,,,MSS_or_non_MSIH,WT,WT,WT,,,malignant,,,,,,
196,rectum,,,,,,F,58,No loss,Not performed,c.35G>T p.(Gly12Val),No mutation,No mutation,SR1482,196,58,F,rectum,rectum,,,,,,pMMR,,Mutated,WT,WT,,,malignant,,,,,,
197,rectal biopsy,,,,,,F,66,No Loss,Not performed,c.35G>A p.(Gly12Asp),No mutation,No mutation,SR1482,197,66,F,rectum,rectum,,,,,,pMMR,,Mutated,WT,WT,,,malignant,,,,,,
200,descending colon biopsy,,,,,,F,74,No loss,Not performed,No mutation,No mutation,No mutation,SR1482,200,74,F,left_colon,left,,,,,,pMMR,,WT,WT,WT,,,malignant,,,,,,
201,ascending colon biopsy,,,,,,M,77,No Loss,Not performed,c.37_42delinsAAGAGT p.(Gly13_Val14delinsLysSer),Not performed,No mutation,SR1482,201,77,M,right_colon,right,,,,,,pMMR,,Mutated,,WT,,,malignant,,,,,,
202,sigmoid colon,pT3 pN2a.,,pT3,pN2a,,F,60,Not performed,No MSI,No mutation,No mutation,No mutation,SR1482,202,60,F,sigmoid,left,pT3,pN2a,,N+(>3),,,MSS_or_non_MSIH,WT,WT,WT,other,,malignant,,,,,,
203,sigmoid colon,"Dukes' C1, pT4b N1; completely excised",C1,pT4b,N1,,F,60,No loss,Not performed,c.34G>T p.(Gly12Cys),No mutation,Not performed,SR1482,203,60,F,sigmoid,left,pT4b,N1,,N+(1-3),III,pMMR,,Mutated,WT,,other,,malignant,,,,,,
204,hepatic flexure biopsy,,,,,,F,31,No loss,Not performed,No mutation,No mutation,Not performed,SR1482,204,31,F,right_colon,right,,,,,,pMMR,,WT,WT,,,,malignant,,,,,,
205,rectal biopsy,,,,,,M,38,No loss,Not performed,No mutation,No mutation,Not performed,SR1482,205,38,M,rectum,rectum,,,,,,pMMR,,WT,WT,,,,malignant,,,,,,
207,rectal biopsy,"Dukes' A, pT2 N0",A,pT2,N0,,M,53,No loss,Not performed,No mutation,No mutation,No mutation,SR1482,207,53,M,rectum,rectum,pT2,N0,,N0,,pMMR,,WT,WT,WT,other,,malignant,,,,,,
209,rectum,pT3 N1b,,pT3,N1b,,M,76,Not performed,No MSI,No mutation,No mutation,No mutation,SR1482,209,76,M,rectum,rectum,pT3,N1b,,N+(1-3),,,MSS_or_non_MSIH,WT,WT,WT,other,,malignant,,,,,,
210,transverse colon,Perforated poorly differentiated medullary-like adenocarcinoma pT4b N1 cM1 with extramural venous invasion,,pT4b,N1,cM1,F,32,No loss,Not performed,No mutation,No mutation,c.1799T>A p.(Val600Glu),SR1482,210,32,F,transverse_colon,transverse,pT4b,N1,cM1,N+(1-3),,pMMR,,WT,WT,Mutated,adenocarcinoma,G3,malignant,,,,,,
212,rectal biopsy,,,,,,F,48,No loss,Not performed,c.35G>A p.(Gly12Asp),Not performed,Not performed,SR1482,212,48,F,rectum,rectum,,,,,,pMMR,,Mutated,,,,,malignant,,,,,,
213,rectum,,,,,,M,75,No Loss,Not performed,c.38G>A p.(Gly13Asp),No mutation,No mutation,SR1482,213,75,M,rectum,rectum,,,,,,pMMR,,Mutated,WT,WT,,,malignant,,,,,,
214,caecum,"pT3, pN0.",,pT3,pN0,,M,57,Not performed,Not performed,c.180_181delTCinsAA p.(Gln61Lys),No mutation,Not performed,SR1482,214,57,M,right_colon,right,pT3,pN0,,N0,,,,Mutated,WT,,other,,malignant,,,,,,
215,caecum,pT4 pN2 pM1; Dukes' D;  with prominent metastatic disease in both ovaries and omentum; R1 resection due to infiltrating tumour at vascular high tie.,D,pT4,pN2,pM1,F,54,No loss,Not performed,c.35G>A p.(Gly12Asp),Not performed,Not performed,SR1482,215,54,F,right_colon,right,pT4,pN2,pM1,N+(>3),IV,pMMR,,Mutated,,,other,,malignant,,,,,,
216,distal sigmoid colon,UB059723D/16 1Q-1T,,,,,M,60,No loss,Not performed,No mutation,No mutation,Not performed,SR1482,216,60,M,sigmoid,left,,,,,,pMMR,,WT,WT,,other,,malignant,,,,,,
217,rectosigmoid colon biopsy,,,,,,M,60,No loss,Not performed,c.35G>T p.(Gly12Val),No mutation,No mutation,SR1482,217,60,M,rectosigmoid,rectosigmoid,,,,,,pMMR,,Mutated,WT,WT,,,malignant,,,,,,
219,rectosigmoid,pT4a pN1b (cM1).,,pT4a,pN1b,cM1,M,72,No Loss,Not performed,c.436G>A p.(Ala146Thr),No mutation,No mutation,SR1482,219,72,M,rectosigmoid,rectosigmoid,pT4a,pN1b,cM1,N+(1-3),,pMMR,,Mutated,WT,WT,other,,malignant,,,,,,
220,descending colon biopsy,,,,,,F,56,No loss,Not performed,No mutation,No mutation,Not performed,SR1482,220,56,F,left_colon,left,,,,,,pMMR,,WT,WT,,,,malignant,,,,,,
221,distal sigmoid colon,"Dukes' stage C1, TMN pT3,N",C1,pT3,N,,M,61,No loss,Not performed,No mutation,No mutation,Not performed,SR1482,221,61,M,sigmoid,left,pT3,,,,III,pMMR,,WT,WT,,other,,malignant,,,,,,
222,descending colon,pT3 pN2;  4/13 nodes show metastatic carcinoma; Dukes' C1; no definite extramural venous invasion; completely resected.,C1,pT3,pN2,,M,58,No loss,Not performed,No mutation,No mutation,No mutation,SR1482,222,58,M,left_colon,left,pT3,pN2,,N+(>3),III,pMMR,,WT,WT,WT,other,,malignant,,,,,,
223,rectum,,,,,,M,60,No loss,Not performed,c.38G>A p.(Gly13Asp),No mutation,No mutation,SR1482,223,60,M,rectum,rectum,,,,,,pMMR,,Mutated,WT,WT,,,malignant,,,,,,
224,caecum,"Dukes' C2, pT3 N2, R2",C2,pT3,N2a,,F,72,Loss of MLH1 & PMS2,Not performed,No mutation,No mutation,c.1799T>A p.(Val600Glu),SR1482,224,72,F,right_colon,right,pT3,N2a,,N+(>3),III,dMMR,,WT,WT,Mutated,other,,malignant,,,,,,
226,rectal biopsy,,,,,,M,53,No loss,Not performed,c.35G>T p.(Gly12Val),No mutation,Not performed,SR1482,226,53,M,rectum,rectum,,,,,,pMMR,,Mutated,WT,,,,malignant,,,,,,
227,splenic flexure invading spleen and tail of pancrea,,,,,,M,64,Loss of MLH1 & PMS2,Not performed,c.35G>A p.(Gly12Asp),No mutation,No mutation,SR1482,227,64,M,left_colon,left,,,,,,dMMR,,Mutated,WT,WT,,,malignant,,,,,,
231,ascending colon biopsy,,,,,,F,49,No loss,Not performed,c.38G>A p.(Gly13Asp),Not performed,Not performed,SR1482,231,49,F,right_colon,right,,,,,,pMMR,,Mutated,,,,,malignant,,,,,,
232,sigmoid colon lesion biopsy,"Dukes' D, pT4b pN1 cM1, extramural venous invasion, local excision complete - BASED ON MORE RECENT RESECTION",D,pT4b,pN1,cM1,M,56,No loss,Not performed,No mutation,No mutation,Not performed,SR1482,232,56,M,sigmoid,left,pT4b,pN1,cM1,N+(1-3),IV,pMMR,,WT,WT,,other,,malignant,,,,,,
234,sigmoid colon,pT4bN1,,pT4b,N1,,F,47,No loss,Not performed,c.35G>A p.(Gly12Asp),Not performed,Not performed,SR1482,234,47,F,sigmoid,left,pT4b,N1,,N+(1-3),,pMMR,,Mutated,,,other,,malignant,,,,,,
235,rectum,pT3 pN2.,,pT3,pN2,,M,69,Not performed,No MSI,c.35G>A p.(Gly12Asp),No mutation,No mutation,SR1482,235,69,M,rectum,rectum,pT3,pN2,,N+(>3),,,MSS_or_non_MSIH,Mutated,WT,WT,other,,malignant,,,,,,
236,caecum,pT4a N1b.,,pT4a,N1b,,F,73,Not performed,No MSI,c.35G>T p.(Gly12Val),No mutation,c.1799T>A p.(Val600Glu),SR1482,236,73,F,right_colon,right,pT4a,N1b,,N+(1-3),,,MSS_or_non_MSIH,Mutated,WT,Mutated,other,,malignant,,,,,,
237,sigmoid colon,,,,,,F,75,Not performed,Not performed,Not performed,Not performed,Not performed,SR1482,237,75,F,sigmoid,left,,,,,,,,,,,,,malignant,,,,,,
239,ascending colon,pT3 pN2a,,pT3,pN2a,,F,73,Loss of MLH1 & PMS2. Focal loss of MSH6,Not performed,No mutation,No mutation,c.1799T>A p.(Val600Glu),SR1482,239,73,F,right_colon,right,pT3,pN2a,,N+(>3),,dMMR,,WT,WT,Mutated,other,,malignant,,,,,,
240,colon at splenic flexure,Liver met in 2017,,,,,F,45,No loss,Not performed,No mutation,No mutation,No mutation,SR1482,240,45,F,left_colon,left,,,,,,pMMR,,WT,WT,WT,other,,malignant,,,,,,
242,sigmoid colon,pT4a pN1a,,pT4a,pN1a,,F,60,No Loss,Not performed,c.35G>A p.(Gly12Asp),No mutation,No mutation,SR1482,242,60,F,sigmoid,left,pT4a,pN1a,,N+(1-3),,pMMR,,Mutated,WT,WT,other,,malignant,,,,,,
243,right colon,,,,,,F,79,No Loss,Not performed,No mutation,No mutation,No mutation,SR1482,243,79,F,right_colon,right,,,,,,pMMR,,WT,WT,WT,,,malignant,,,,,,
244,sigmoid colon,"Dukes' C2, pT4b pN2 pM1, extramural venous invasion, local excision complete",C2,pT4b,pN2,pM1,M,50,No loss,Not performed,No mutation,c.35G>A p.(Gly12Asp),Not performed,SR1482,244,50,M,sigmoid,left,pT4b,pN2,pM1,N+(>3),III,pMMR,,WT,Mutated,,other,,malignant,,,,,,
245,splenic flexure of colon,"Dukes' C1, pT4b pN2",C1,pT4b,pN2,,M,69,No loss,No MSI,No mutation,No mutation,No mutation,SR1482,245,69,M,left_colon,left,pT4b,pN2,,N+(>3),III,pMMR,MSS_or_non_MSIH,WT,WT,WT,other,,malignant,,,,,,
246,lower rectum,,,,,,M,61,No Loss,Not performed,No mutation,No mutation,No mutation,SR1482,246,61,M,rectum,rectum,,,,,,pMMR,,WT,WT,WT,,,malignant,,,,,,
247,caecum,"Dukes' C1, pT4b pN1 pM1, extramural venous invasion, local excision complete",C1,pT4b,pN1a,pM1,M,46,No loss,Not performed,c.34G>T p.(Gly12Cys),Not performed,Not performed,SR1482,247,46,M,right_colon,right,pT4b,pN1a,pM1,N+(1-3),III,pMMR,,Mutated,,,other,,malignant,,,,,,
248,rectum,,,,,,F,53,No Loss,Not performed,No mutation,No mutation,No mutation,SR1482,248,53,F,rectum,rectum,,,,,,pMMR,,WT,WT,WT,,,malignant,,,,,,
249,sigmoid colon,,,,,,F,79,No Loss,Not performed,No mutation,No mutation,c.1799T>A p.(Val600Glu),SR1482,249,79,F,sigmoid,left,,,,,,pMMR,,WT,WT,Mutated,,,malignant,,,,,,
250,rectal biopsy,,,,,,M,66,No Loss,Not performed,No mutation,No mutation,No mutation,SR1482,250,66,M,rectum,rectum,,,,,,pMMR,,WT,WT,WT,,,malignant,,,,,,
251,rectal biopsy,,,,,,M,69,No Loss,Not performed,No mutation,No mutation,No mutation,SR1482,251,69,M,rectum,rectum,,,,,,pMMR,,WT,WT,WT,,,malignant,,,,,,
253,rectal lesion biopsy,,,,,,F,38,No Loss,No MSI,No mutation,c.182A>G p.(Gln61Arg) (also known as Q61R),No mutation,SR1482,253,38,F,rectum,rectum,,,,,,pMMR,MSS_or_non_MSIH,WT,Mutated,WT,,,malignant,,,,,,
254,rectal biopsy,,,,,,M,70,No Loss,Not performed,No mutation,No mutation,No mutation,SR1482,254,70,M,rectum,rectum,,,,,,pMMR,,WT,WT,WT,,,malignant,,,,,,
255,rectal biopsy,,,,,,M,56,No loss,Not performed,No mutation,No mutation,Not performed,SR1482,255,56,M,rectum,rectum,,,,,,pMMR,,WT,WT,,,,malignant,,,,,,
257,upper rectal polyp,"pT1, focal transection at deep margin",,pT1,,,F,49,No loss,Not performed,c.34G>A p.(Gly12Ser),No mutation,No mutation,SR1482,257,49,F,rectum,rectum,pT1,,,,,pMMR,,Mutated,WT,WT,other,,malignant,,,,,,
258,rectum,"pT2, N0",,pT2,N0,,F,56,Not performed,No MSI,c.436G>A p.(Ala146Thr),No mutation,No mutation,SR1482,258,56,F,rectum,rectum,pT2,N0,,N0,,,MSS_or_non_MSIH,Mutated,WT,WT,other,,malignant,,,,,,
259,left colon,,,,,,F,69,Loss of MLH1 & PMS2,Not performed,No mutation,No mutation,c.1799T>A p.(Val600Glu),SR1482,259,69,F,left_colon,left,,,,,,dMMR,,WT,WT,Mutated,,,malignant,,,,,,
260,caecum,"Dukes' C2, pT4b pN2 pM1, extensive extramural venous invasion, extranodal tumour present at vascular pedicle (R1)",C2,pT4b,pN2,pM1,M,67,No loss,Not performed,c.436G>A p.(Ala146Thr),No mutation,Not performed,SR1482,260,67,M,right_colon,right,pT4b,pN2,pM1,N+(>3),III,pMMR,,Mutated,WT,,other,,malignant,,,,,,
261,transverse colon biopsy,,,,,,F,60,No loss,Not performed,No mutation,No mutation,Not performed,SR1482,261,60,F,transverse_colon,transverse,,,,,,pMMR,,WT,WT,,,,malignant,,,,,,
264,rectal tumour & rectosigmoid polyp,Rectum - Adenocarcinoma Dukes' C.  pT2 N1 with submucosal venous invasion.  Recto-sigmoid - Adenocarcinoma Dukes' A pT1 N0 with submucosal venous invasion arising in a tubulovillous adenoma.,"C, A","pT2, pT1","N1, N0",,M,60,No loss,Not performed,"c.35G>T p.(Gly12Val). In rectal tumour, c.34G>T p.(Gly12Cys). Rectosigmoidal lpoly",No mutation,No mutation,SR1482,264,60,M,rectosigmoid,rectosigmoid,pT2,N1,,N+(1-3),,pMMR,,Mutated,WT,WT,adenocarcinoma,,malignant,,,,,,
265,sigmoid colon,,,,,,M,42,No loss,No MSI,c.38G>A p.(Gly13Asp),Fail,No mutation,SR1482,265,42,M,sigmoid,left,,,,,,pMMR,MSS_or_non_MSIH,Mutated,,WT,,,malignant,,,,,,
266,rectal biopsy,,,,,,F,61,No loss,Not performed,c.35G>T p.(Gly12Val),Not performed,Not performed,SR1482,266,61,F,rectum,rectum,,,,,,pMMR,,Mutated,,,,,malignant,,,,,,
268,ascending colon (lymph node tested),"Dukes' C1, pT3 N2",C1,pT3,N2,,F,69,Loss of MLH1 & PMS2,Not performed,No mutation,No mutation,c.1799T>A p.(Val600Glu),SR1482,268,69,F,right_colon,right,pT3,N2,,N+(>3),III,dMMR,,WT,WT,Mutated,other,,malignant,,,,,,
270,sigmoid biopsy,,,,,,F,58,No loss,Not performed,c.35G>T p.(Gly12Val),No mutation,Not performed,SR1482,270,58,F,sigmoid,left,,,,,,pMMR,,Mutated,WT,,,,malignant,,,,,,
271,rectal biopsy,,,,,,M,60,No loss,Not performed,No mutation,No mutation,No mutation,SR1482,271,60,M,rectum,rectum,,,,,,pMMR,,WT,WT,WT,,,malignant,,,,,,
274,ascending colon,pT3 pN0,,pT3,pN0,,F,69,Loss of MLH1 & PMS2,Not performed,No mutation,No mutation,c.1799T>A p.(Val600Glu),SR1482,274,69,F,right_colon,right,pT3,pN0,,N0,,dMMR,,WT,WT,Mutated,other,,malignant,,,,,,
276,rectal biopsy,,,,,,M,43,No Loss,Not performed,c.34G>T p.(Gly12Cys),No mutation,No mutation,SR1482,276,43,M,rectum,rectum,,,,,,pMMR,,Mutated,WT,WT,,,malignant,,,,,,
277,transverse colon,"Dukes' C2, pT3 N2 M1",C2,pT3,N2,M1,F,62,No loss,Not performed,No mutation,No mutation,c.1799T>A p.(Val600Glu),SR1482,277,62,F,transverse_colon,transverse,pT3,N2,M1,N+(>3),III,pMMR,,WT,WT,Mutated,other,,malignant,,,,,,
278,rectal biopsy,,,,,,M,64,No Loss,Not performed,No mutation,No mutation,No mutation,SR1482,278,64,M,rectum,rectum,,,,,,pMMR,,WT,WT,WT,,,malignant,,,,,,
279,caecum and ascending colon,"Dukes' C, pT4a&b, N2 with extramural venous",C,pT4a&b,N2,,F,58,No loss,Not performed,No mutation,No mutation,c.1799T>A p.(Val600Glu),SR1482,279,58,F,right_colon,right,pT4a,N2,,N+(>3),III,pMMR,,WT,WT,Mutated,other,,malignant,,,,,,
281,lower rectum,pT3 (2 tumours) pN0,,pT3,pN0,,M,72,No Loss,Not performed,No mutation,No mutation,No mutation,SR1482,281,72,M,rectum,rectum,pT3,pN0,,N0,,pMMR,,WT,WT,WT,other,,malignant,,,,,,
282,distal sigmoid colon,pT3 (2 tumours) pN0,,pT3,pN0,,M,72,No Loss,Not performed,No mutation,No mutation,No mutation,SR1482,282,72,M,sigmoid,left,pT3,pN0,,N0,,pMMR,,WT,WT,WT,other,,malignant,,,,,,
284,ascending colon,"Dukes B, pT4,N0.  Incompletely excised (R2).",B,pT4,N0,,M,53,PMS2 Loss,MSI High,No mutation,No mutation,No mutation,SR1482,284,53,M,right_colon,right,pT4,N0,,N0,II,dMMR,MSI-H,WT,WT,WT,other,,malignant,,,,,,
287,sigmoid colon biopsy,,,,,,M,66,No loss,Not performed,No mutation,No mutation,No mutation,SR1482,287,66,M,sigmoid,left,,,,,,pMMR,,WT,WT,WT,,,malignant,,,,,,
289,caecum extending into ascending colon,pT4b N2b,,pT4b,N2b,,F,76,Loss of MLH1 & PMS2,Not performed,No mutation,No mutation,c.1799T>A p.(Val600Glu),SR1482,289,76,F,right_colon,right,pT4b,N2b,,N+(>3),,dMMR,,WT,WT,Mutated,other,,malignant,,,,,,
290,rectosigmoid colon,pT4b pN2; 5/22 nodes involved; Dukes' stage C1 (clinically D),C1 (clinically D),pT4b,pN2,,F,57,No loss,No MSI,c.35G>A p.(Gly12Asp),No mutation,No mutation,SR1482,290,57,F,rectosigmoid,rectosigmoid,pT4b,pN2,,N+(>3),,pMMR,MSS_or_non_MSIH,Mutated,WT,WT,other,,malignant,,,,,,
291,sigmoid colon,pT4a N1b,,pT4a,N1b,,M,64,No Loss,Not performed,No mutation (codon 117 failed),No mutation,No mutation,SR1482,291,64,M,sigmoid,left,pT4a,N1b,,N+(1-3),,pMMR,,,WT,WT,other,,malignant,,,,,,
292,transverse colon / small bowel,,,,,,F,70,Loss of MLH1 & PMS2,Not performed,No mutation,No mutation,c.1799T>A p.(Val600Glu),SR1482,292,70,F,transverse_colon,transverse,,,,,,dMMR,,WT,WT,Mutated,,,malignant,,,,,,
296,caecum,,,,,,F,79,No loss,Not performed,c.34G>T p.(Gly12Cys),No mutation,Not performed,SR1482,296,79,F,right_colon,right,,,,,,pMMR,,Mutated,WT,,,,malignant,,,,,,
297,ascending colon,pT4a pN1a.,,pT4a,pN1a,,F,74,Loss of MLH1 & PMS2,Not performed,No mutation,No mutation,c.1799T>A p.(Val600Glu),SR1482,297,74,F,right_colon,right,pT4a,pN1a,,N+(1-3),,dMMR,,WT,WT,Mutated,other,,malignant,,,,,,
300,sigmoid colon,"(Dukes' B, pT4 N0);",B,pT4,N0,,M,59,No loss,Not performed,No mutation,c.182A>T p.(Gln61Leu) (also known as Q61L),No mutation,SR1482,300,59,M,sigmoid,left,pT4,N0,,N0,II,pMMR,,WT,Mutated,WT,other,,malignant,,,,,,
301,splenic flexure,"Poorly differentiated mucinous adenocarcinoma of signet ring cell type, pT4b N1 M1, 1/29 nodes, apical node clear, Duke's C1, R0 resection",C1,pT4b,N1,M1,F,53,Loss of MLH1 & PMS2,MSI High,No mutation,No mutation,No mutation,SR1482,301,53,F,left_colon,left,pT4b,N1,M1,N+(1-3),III,dMMR,MSI-H,WT,WT,WT,signet_ring,G3,malignant,,,,,,
302,sigmoid colon,"Dukes' C1, pT3 N2 with extramural venous invasion",C1,pT3,N2,,M,50,No loss,No MSI,Not performed,Not performed,No mutation,SR1482,302,50,M,sigmoid,left,pT3,N2,,N+(>3),III,pMMR,MSS_or_non_MSIH,,,WT,other,,malignant,,,,,,
303,rectum,Spread to liver - in most recent sample,,,,,M,57,No loss,Not performed,No mutation,No mutation,No mutation,SR1482,303,57,M,rectum,rectum,,,,,,pMMR,,WT,WT,WT,other,,malignant,,,,,,
304,caecum,"(pT4 pN0, Dukes' B).",B,pT4,pN0,,M,58,No loss,No MSI,No mutation,No mutation,No mutation,SR1482,304,58,M,right_colon,right,pT4,pN0,,N0,II,pMMR,MSS_or_non_MSIH,WT,WT,WT,other,,malignant,,,,,,
305,ascending colon,"Dukes' C2, pT3 pN2",C2,pT3,pN2,,F,56,Not performed,Not performed,No mutation,No mutation,Not performed,SR1482,305,56,F,right_colon,right,pT3,pN2,,N+(>3),III,,,WT,WT,,other,,malignant,,,,,,
307,caecum,pT4b pN2 pM1; 37/44 lymph nodes involved; Dukes' stage C2,C2,pT4b,pN2,pM1,M,69,No loss,Not performed,No mutation,No mutation,Not performed,SR1482,307,69,M,right_colon,right,pT4b,pN2,pM1,N+(>3),III,pMMR,,WT,WT,,other,,malignant,,,,,,
309,splenic flexure of colon,pT4b pN2 pM1; 10/48 nodes involved; multiple peritoneal deposits of metastatic disease; Dukes' stage D; prominent intramural and extramural venous invasion; R0 excision.,D,pT4b,pN2,pM1,M,19,No loss,No MSI,No mutation,No mutation,No mutation,SR1482,309,19,M,left_colon,left,pT4b,pN2,pM1,N+(>3),IV,pMMR,MSS_or_non_MSIH,WT,WT,WT,other,,malignant,,,,,,
310,ascending colon,"pT3, pN0.",,pT3,pN0,,M,32,Loss of MLH1 & PMS2,MSI High,c.38G>A p.(Gly13Asp),No mutation,No mutation,SR1482,310,32,M,right_colon,right,pT3,pN0,,N0,,dMMR,MSI-H,Mutated,WT,WT,other,,malignant,,,,,,
311,"hepatic flexure (block 1g), proximal transvers colon (block 1k).","×2 invasive adenocarcinomas; hepatic flexure lesion moderately differentiated adenocarcinoma with mucinous features, Dukes B, pT3 pN0;  proximal transverse colon lesion, poorly differentiated adenocarcinoma, Dukes B, pT3 pN0; distal lesion associated with extramural venous invasion; both lesions appear completely excised.",B,pT3,pN0,,M,75,Loss of MLH1 & PMS2,Not performed,No mutation,No mutation,c.1799T>A p.(Val600Glu),SR1482,311,75,M,right_colon,right,pT3,pN0,,N0,II,dMMR,,WT,WT,Mutated,mucinous_adenocarcinoma,G2,malignant,,,,,,
313,transverse colon,"Dukes' C1, pT4b N1, extramural venous invasion, local excision complete",C1,pT4b,N1,,F,53,No loss,No MSI,c.35G>A p.(Gly12Asp),No mutation,No mutation,SR1482,313,53,F,transverse_colon,transverse,pT4b,N1,,N+(1-3),III,pMMR,MSS_or_non_MSIH,Mutated,WT,WT,other,,malignant,,,,,,
314,caecum,"Dukes' C1, pT3 N1 M1, with extramural venous invasion",C1,pT3,N1,M1,M,84,No loss,No MSI,c.35G>C p.(Gly12Ala),No mutation,No mutation,SR1482,314,84,M,right_colon,right,pT3,N1,M1,N+(1-3),III,pMMR,MSS_or_non_MSIH,Mutated,WT,WT,other,,malignant,,,,,,
315,sigmoid colon,,,,,,M,66,No loss,Not performed,No mutation,No mutation,Not performed,SR1482,315,66,M,sigmoid,left,,,,,,pMMR,,WT,WT,,,,malignant,,,,,,
316,caecum,"(Dukes'C1, pT4 N2)",C1,pT4,N2,,M,71,No loss,Not performed,c.35G>T p.(Gly12Val),No mutation,No mutation,SR1482,316,71,M,right_colon,right,pT4,N2,,N+(>3),III,pMMR,,Mutated,WT,WT,other,,malignant,,,,,,
317,rectal biopsy,,,,,,F,49,No loss,Not performed,c.35G>C p.(Gly12Ala),No mutation,Not performed,SR1482,317,49,F,rectum,rectum,,,,,,pMMR,,Mutated,WT,,,,malignant,,,,,,
319,transverse colon,"Dukes' D, pT4b N1 M1, completely excised.",D,pT4b,N1,M1,F,69,No loss,Not performed,No mutation,c.181C>A p.(Gln61Lys),Not performed,SR1482,319,69,F,transverse_colon,transverse,pT4b,N1,M1,N+(1-3),IV,pMMR,,WT,Mutated,,other,,malignant,,,,,,
320,sigmoid anastomosis,"Dukes' C1, pT4b N1 M1, local excision complete",C1,pT4b,N1,M1,F,69,No loss,Not performed,No mutation,No mutation,c.1799T>A p.(Val600Glu),SR1482,320,69,F,sigmoid,left,pT4b,N1,M1,N+(1-3),III,pMMR,,WT,WT,Mutated,other,,malignant,,,,,,
322,upper rectum,"Dukes' C1,  pT3 N2, Completely excised.",C1,pT3,N2,,F,29,No loss,Not performed,c.34G>A p.(Gly12Ser),Not performed,Not performed,SR1482,322,29,F,rectum,rectum,pT3,N2,,N+(>3),III,pMMR,,Mutated,,,other,,malignant,,,,,,
323,sigmoid colon,,,,,,M,60,No loss,Not performed,No mutation,No mutation,Not performed,SR1482,323,60,M,sigmoid,left,,,,,,pMMR,,WT,WT,,,,malignant,,,,,,
324,sigmoid colon,"pT4b pN1, R1, Dukes' C1, with extramural venous invasion",C1,pT4b,pN1,,M,53,No loss,Not performed,c.35G>T p.(Gly12Val),No mutation,No mutation,SR1482,324,53,M,sigmoid,left,pT4b,pN1,,N+(1-3),III,pMMR,,Mutated,WT,WT,other,,malignant,,,,,,
325,caecum/ascending colon,"(Dukes' C1, pT4 pN2 pM1)",C1,pT4,pN2,pM1,F,56,No loss,Not performed,c.35G>C p.(Gly12Ala),No mutation,Not performed,SR1482,325,56,F,right_colon,right,pT4,pN2,pM1,N+(>3),III,pMMR,,Mutated,WT,,other,,malignant,,,,,,
327,caecum,"Dukes' C1 (clinically D), pT3 pN2 cM1, extramural venous invasion, local excision complete",C1,pT3,pN2,cM1,M,54,No loss,Not performed,c.35G>C p.(Gly12Ala),No mutation,Not performed,SR1482,327,54,M,right_colon,right,pT3,pN2,cM1,N+(>3),III,pMMR,,Mutated,WT,,other,,malignant,,,,,,
328,sigmoid colon,"Dukes' C1, pT4b N1 M1 R1 with extramural venous invasion.  Metastasis to jejunum and omentum.",C1,pT4b,N1,M1,F,54,No loss,Not performed,c.35G>A p.(Gly12Asp),Not performed,Not performed,SR1482,328,54,F,sigmoid,left,pT4b,N1,M1,N+(1-3),III,pMMR,,Mutated,,,other,,malignant,,,,,,
330,distal sigmoid colon,,,,,,M,59,No loss,Not performed,No mutation,No mutation,Not performed,SR1482,330,59,M,sigmoid,left,,,,,,pMMR,,WT,WT,,,,malignant,,,,,,
331,caecum,"pT4b, pN2.",,pT4b,pN2,,F,57,No loss,Not performed,c.35G>A p.(Gly12Asp),No mutation,No mutation,SR1482,331,57,F,right_colon,right,pT4b,pN2,,N+(>3),,pMMR,,Mutated,WT,WT,other,,malignant,,,,,,
333,splenic flexure,"pT4b pN0, extramural venous invasion, local excision complete",,pT4b,pN0,,M,78,No loss,Not performed,No mutation,No mutation,Not performed,SR1482,333,78,M,left_colon,left,pT4b,pN0,,N0,,pMMR,,WT,WT,,other,,malignant,,,,,,
335,sigmoid colon,"PT3, N1",,pT3,N1,,F,52,No loss,Not performed,c.35G>A p.(Gly12Asp),No mutation,Not performed,SR1482,335,52,F,sigmoid,left,pT3,N1,,N+(1-3),,pMMR,,Mutated,WT,,other,,malignant,,,,,,
336,distal descending/sigmoid junction,"Dukes B pT4b, pN0, pMX.",B,pT4b,pN0,pMx,M,60,No loss,Not performed,No mutation,No mutation,Not performed,SR1482,336,60,M,sigmoid,left,pT4b,pN0,,N0,II,pMMR,,WT,WT,,other,,malignant,,,,,,
337,transverse colon,TNM5 pT4b).  There is lymph node involvement (TNM5 pN1).  Margins are clear (R0).,,pT4b,pN1,,F,69,No loss,Not performed,No mutation,No mutation,No mutation,SR1482,337,69,F,transverse_colon,transverse,pT4b,pN1,,N+(1-3),,pMMR,,WT,WT,WT,other,,malignant,,,,,,
340,rectum,not a biopsy,,,,,M,65,No Loss,Not performed,No mutation,No mutation,No mutation,SR1482,340,65,M,rectum,rectum,,,,,,pMMR,,WT,WT,WT,other,,malignant,,,,,,
341,rectum,"pT3 pN1 (2/11), Dukes C1, R0",C1,pT3,pN1,,M,73,Not performed,No MSI,No mutation,No mutation,No mutation,SR1482,341,73,M,rectum,rectum,pT3,pN1,,N+(1-3),III,,MSS_or_non_MSIH,WT,WT,WT,other,,malignant,,,,,,
342,descending colon,pT4b pN1.,,pT4b,pN1,,M,71,Not performed,Not performed,Not performed,Not performed,Not performed,SR1482,342,71,M,left_colon,left,pT4b,pN1,,N+(1-3),,,,,,,other,,malignant,,,,,,
343,caecum/ascending colon,pT4a N1b,,pT4a,N1b,,M,78,Loss of MLH1 & PMS2,MSI High,c.35G>A p.(Gly12Asp),No mutation,No mutation,SR1482,343,78,M,right_colon,right,pT4a,N1b,,N+(1-3),,dMMR,MSI-H,Mutated,WT,WT,other,,malignant,,,,,,
344,caecum,pT4a pN0,,pT4a,pN0,,M,81,No Loss,No MSI,c.34G>T p.(Gly12Cys),Not performed,No mutation,SR1482,344,81,M,right_colon,right,pT4a,pN0,,N0,,pMMR,MSS_or_non_MSIH,Mutated,,WT,other,,malignant,,,,,,
345,lower rectum,ypT3 ypN0,,ypT3,ypN0,,M,38,No Loss,Not performed,c.436G>A p.(Ala146Thr),No mutation,No mutation,SR1482,345,38,M,rectum,rectum,pT3,pN0,,N0,,pMMR,,Mutated,WT,WT,other,,malignant,,,,,,
346,descending colon,pT4aN1a,,pT4a,N1a,,M,61,Not performed,No MSI,No mutation,No mutation,c.1799T>A p.(Val600Glu),SR1482,346,61,M,left_colon,left,pT4a,N1a,,N+(1-3),,,MSS_or_non_MSIH,WT,WT,Mutated,other,,malignant,,,,,,
350,tems of rectal tumour,pT2,,pT2,,,M,79,No Loss,Not performed,No mutation,No mutation,No mutation,SR1482,350,79,M,rectum,rectum,pT2,,,,,pMMR,,WT,WT,WT,other,,malignant,,,,,,
352,rectal biopsy,,,,,,M,69,No Loss,Not performed,No mutation,No mutation,c.1799T>A p.(Val600Glu),SR1482,352,69,M,rectum,rectum,,,,,,pMMR,,WT,WT,Mutated,,,malignant,,,,,,
353,sigmoid colon biopsy,,,,,,M,69,No Loss,No MSI,c.34G>A p.(Gly12Ser),No mutation,No mutation,SR1482,353,69,M,sigmoid,left,,,,,,pMMR,MSS_or_non_MSIH,Mutated,WT,WT,,,malignant,,,,,,
354,distal sigmoid biopsy,,,,,,F,65,No Loss,Not performed,No mutation,No mutation,No mutation,SR1482,354,65,F,sigmoid,left,,,,,,pMMR,,WT,WT,WT,,,malignant,,,,,,
356,sigmoid colon,pT4a pN2b pM1c.,,pT4a,pN2b,pM1c,M,73,Not performed,Not performed,c.35G>T p.(Gly12Val),No mutation,Not performed,SR1482,356,73,M,sigmoid,left,pT4a,pN2b,pM1c,N+(>3),,,,Mutated,WT,,other,,malignant,,,,,,
359,rectal biopsy,,,,,,F,59,No Loss,Not performed,No mutation,No mutation,c.1799T>A p.(Val600Glu),SR1482,359,59,F,rectum,rectum,,,,,,pMMR,,WT,WT,Mutated,,,malignant,,,,,,
362,rectal biopsy,,,,,,F,52,No Loss,Not performed,c.35G>T p.(Gly12Val),No mutation,No mutation,SR1482,362,52,F,rectum,rectum,,,,,,pMMR,,Mutated,WT,WT,,,malignant,,,,,,
367,rectal biopsy,,,,,,M,68,No Loss,Not performed,No mutation,No mutation,No mutation,SR1482,367,68,M,rectum,rectum,,,,,,pMMR,,WT,WT,WT,,,malignant,,,,,,
368,rectal biopsy,,,,,,F,65,No Loss,Not performed,c.38G>A p.(Gly13Asp),Not performed,No mutation,SR1482,368,65,F,rectum,rectum,,,,,,pMMR,,Mutated,,WT,,,malignant,,,,,,
372,transverse colon,,,,,,F,86,Loss of MLH1 & PMS2,MSI High,No mutation,No mutation,c.1799T>A p.(Val600Glu),SR1482,372,86,F,transverse_colon,transverse,,,,,,dMMR,MSI-H,WT,WT,Mutated,,,malignant,,,,,,
374,ascending colon,,,,,,F,41,No Loss,Not performed,No mutation,No mutation,No mutation,SR1482,374,41,F,right_colon,right,,,,,,pMMR,,WT,WT,WT,,,malignant,,,,,,
375,sigmoid colon,pT4a pN2a,,pT4a,pN2a,,F,40,No Loss,Not performed,c.35G>A p.(Gly12Asp),Not performed,No mutation,SR1482,375,40,F,sigmoid,left,pT4a,pN2a,,N+(>3),,pMMR,,Mutated,,WT,other,,malignant,,,,,,
377,rectum,"pT3, pN2a",,pT3,pN2a,,F,67,Not performed,No MSI,No mutation,No mutation,No mutation,SR1482,377,67,F,rectum,rectum,pT3,pN2a,,N+(>3),,,MSS_or_non_MSIH,WT,WT,WT,other,,malignant,,,,,,
380,rectum,pT3 N0,,pT3,N0,,F,76,No Loss,Not performed,c.436G>A p.(Ala146Thr),Not performed,No mutation,SR1482,380,76,F,rectum,rectum,pT3,N0,,N0,,pMMR,,Mutated,,WT,other,,malignant,,,,,,
381,sigmoid colon,,,,,,F,62,No Loss,Not performed,c.37G>A p.(Gly13Ser),No mutation,No mutation,SR1482,381,62,F,sigmoid,left,,,,,,pMMR,,Mutated,WT,WT,,,malignant,,,,,,
383,sigmoid colon,pT3 pN1b,,pT3,pN1b,,M,78,No Loss,Not performed,No mutation,No mutation,No mutation,SR1482,383,78,M,sigmoid,left,pT3,pN1b,,N+(1-3),,pMMR,,WT,WT,WT,other,,malignant,,,,,,
384,caecum,pT3 N0,,pT3,N0,,F,76,Loss of MLH1 & PMS2,Not performed,No mutation,No mutation,c.1799T>A p.(Val600Glu),SR1482,384,76,F,right_colon,right,pT3,N0,,N0,,dMMR,,WT,WT,Mutated,other,,malignant,,,,,,
386,caecum,,,,,,F,79,Loss of MLH1 & PMS2,Not performed,No mutation,No mutation,c.1799T>A p.(Val600Glu),SR1482,386,79,F,right_colon,right,,,,,,dMMR,,WT,WT,Mutated,,,malignant,,,,,,
387,rectal biopsy,,,,,,M,52,No Loss,Not performed,c.35G>A p.(Gly12Asp),Not performed,No mutation,SR1482,387,52,M,rectum,rectum,,,,,,pMMR,,Mutated,,WT,,,malignant,,,,,,
388,hepatic flexure biopsy,,,,,,F,78,No Loss,Not performed,No mutation,No mutation,No mutation,SR1482,388,78,F,right_colon,right,,,,,,pMMR,,WT,WT,WT,,,malignant,,,,,,
389,rectal biopsy,,,,,,F,66,No Loss,Not performed,No mutation,No mutation,No mutation,SR1482,389,66,F,rectum,rectum,,,,,,pMMR,,WT,WT,WT,,,malignant,,,,,,
390,rectal biopsy,,,,,,M,50,No Loss,No MSI,c.35G>A p.(Gly12Asp),Not performed,No mutation,SR1482,390,50,M,rectum,rectum,,,,,,pMMR,MSS_or_non_MSIH,Mutated,,WT,,,malignant,,,,,,
391,splenic flexure lesion biopsy,,,,,,F,57,No Loss,Not performed,c.436G>A p.(Ala146Thr),Not performed,No mutation,SR1482,391,57,F,left_colon,left,,,,,,pMMR,,Mutated,,WT,,,malignant,,,,,,
392,rectum,pT3 N1b,,pT3,N1b,,M,37,No Loss,Not performed,c.35G>A p.(Gly12Asp),Not performed,No mutation,SR1482,392,37,M,rectum,rectum,pT3,N1b,,N+(1-3),,pMMR,,Mutated,,WT,other,,malignant,,,,,,
393,sigmoid colon,"pT1, N1b",,pT1,N1b,,F,57,No Loss,Not performed,c.35G>C p.(Gly12Ala),Not performed,No mutation,SR1482,393,57,F,sigmoid,left,pT1,N1b,,N+(1-3),,pMMR,,Mutated,,WT,other,,malignant,,,,,,
396,rectosigmoid,pT3 pN0,,pT3,pN0,,F,37,No Loss,Not performed,c.35G>A p.(Gly12Asp),Not performed,No mutation,SR1482,396,37,F,rectosigmoid,rectosigmoid,pT3,pN0,,N0,,pMMR,,Mutated,,WT,other,,malignant,,,,,,
397,caecum,pT3 pN0,,pT3,pN0,,F,67,No Loss,Not performed,c.35G>A p.(Gly12Asp),Not performed,No mutation,SR1482,397,67,F,right_colon,right,pT3,pN0,,N0,,pMMR,,Mutated,,WT,other,,malignant,,,,,,
398,sigmoid colon,pT3 pN2b.,,pT3,pN1b,,M,37,No Loss,Not performed,c.35G>T p.(Gly12Val),Not performed,No mutation,SR1482,398,37,M,sigmoid,left,pT3,pN1b,,N+(1-3),,pMMR,,Mutated,,WT,other,,malignant,,,,,,
399,hepatic flexure,pT4a N1b,,pT4a,N1b,,F,73,Not performed,No MSI,No mutation,No mutation,No mutation,SR1482,399,73,F,right_colon,right,pT4a,N1b,,N+(1-3),,,MSS_or_non_MSIH,WT,WT,WT,other,,malignant,,,,,,
400,splenic flexure,,,,,,M,63,No Loss,Not performed,No mutation,No mutation,No mutation,SR1482,400,63,M,left_colon,left,,,,,,pMMR,,WT,WT,WT,,,malignant,,,,,,
401,hepatic flexure lesion biopsy,,,,,,F,64,Loss of MLH1 & PMS2,Not performed,No mutation,c.34G>T p.(Gly12Cys),c.1799T>A p.(Val600Glu),SR1482,401,64,F,right_colon,right,,,,,,dMMR,,WT,Mutated,Mutated,,,malignant,,,,,,
402,proximal descending colon biopsy,,,,,,M,57,No Loss,Not performed,No mutation,No mutation,No mutation,SR1482,402,57,M,left_colon,left,,,,,,pMMR,,WT,WT,WT,,,malignant,,,,,,
405,right colon,,,,,,M,74,No Loss,Not performed,No mutation,No mutation,No mutation,SR1482,405,74,M,right_colon,right,,,,,,pMMR,,WT,WT,WT,,,malignant,,,,,,
406,transverse colon,pT2 pN0,,pT2,pN0,,M,70,No Loss,Not performed,c.34G>T p.(Gly12Cys),No mutation,No mutation,SR1482,406,70,M,transverse_colon,transverse,pT2,pN0,,N0,,pMMR,,Mutated,WT,WT,other,,malignant,,,,,,
408,rectal polyp,pT1,,pT1,,,F,46,Not performed,No MSI,No mutation,No mutation,c.1799T>A p.(Val600Glu),SR1482,408,46,F,rectum,rectum,pT1,,,,,,MSS_or_non_MSIH,WT,WT,Mutated,other,,malignant,,,,,,
410,rectal cancer,pT3 N2b,,pT3,N2b,,F,71,No Loss,Not performed,No mutation,No mutation,No mutation,SR1482,410,71,F,rectum,rectum,pT3,N2b,,N+(>3),,pMMR,,WT,WT,WT,other,,malignant,,,,,,
411,caecum,,,,,,F,63,No Loss,Not performed,c.35G>T p.(Gly12Val),Not performed,No mutation,SR1482,411,63,F,right_colon,right,,,,,,pMMR,,Mutated,,WT,,,malignant,,,,,,
413,rectum,pT3 pN1a,,pT3,pN1a,,F,83,No Loss,Not performed,No mutation,No mutation,No mutation,SR1482,413,83,F,rectum,rectum,pT3,pN1a,,N+(1-3),,pMMR,,WT,WT,WT,other,,malignant,,,,,,
414,caecum,pT3 pN1b,,pT3,pN1b,,M,55,No Loss,Not performed,c.35G>A p.(Gly12Asp),No mutation,Not performed,SR1482,414,55,M,right_colon,right,pT3,pN1b,,N+(1-3),,pMMR,,Mutated,WT,,other,,malignant,,,,,,
415,ascending colon,pT4b N0,,pT4b,N0,,F,80,Loss of MLH1 & PMS2,Not performed,No mutation,No mutation,c.1799T>A p.(Val600Glu),SR1482,415,80,F,right_colon,right,pT4b,N0,,N0,,dMMR,,WT,WT,Mutated,other,,malignant,,,,,,
419,rectal biopsy,,,,,,M,68,Not performed,No MSI,No mutation,No mutation,No mutation,SR1482,419,68,M,rectum,rectum,,,,,,,MSS_or_non_MSIH,WT,WT,WT,,,malignant,,,,,,
421,caecum,pT4a pN2b pM1c,,pT4a,pN2B,pM1c,F,50,No Loss,Not performed,No mutation,No mutation,c.1799T>A p.(Val600Glu),SR1482,421,50,F,right_colon,right,pT4a,pN2b,pM1c,N+(>3),,pMMR,,WT,WT,Mutated,other,,malignant,,,,,,
423,rectum,,,,,,M,58,No Loss,Not performed,No mutation,No mutation,No mutation,SR1482,423,58,M,rectum,rectum,,,,,,pMMR,,WT,WT,WT,,,malignant,,,,,,
424,rectosigmoid biopsy,,,,,,M,40,No Loss,Not performed,No mutation,No mutation,No mutation,SR1482,424,40,M,rectosigmoid,rectosigmoid,,,,,,pMMR,,WT,WT,WT,,,malignant,,,,,,
425,rectosigmoid junction,,,,,,F,43,Not performed,No MSI,c.34G>T p.(Gly12Cys),No mutation,No mutation,SR1482,425,43,F,rectosigmoid,rectosigmoid,,,,,,,MSS_or_non_MSIH,Mutated,WT,WT,,,malignant,,,,,,
427,upper rectum,pT4a pN2a,,pT4a,pN2a,,M,63,Not performed,No MSI,No mutation,No mutation,No mutation,SR1482,427,63,M,rectum,rectum,pT4a,pN2a,,N+(>3),,,MSS_or_non_MSIH,WT,WT,WT,other,,malignant,,,,,,
428,rectosigmoid,,,,,,M,75,No loss,Not performed,No mutation,No mutation,No mutation,SR1482,428,75,M,rectosigmoid,rectosigmoid,,,,,,pMMR,,WT,WT,WT,,,malignant,,,,,,
430,sigmoid colon,"pT3, N0",,pT3,N0,,M,84,No Loss,Not performed,No mutation,No mutation,No mutation,SR1482,430,84,M,sigmoid,left,pT3,N0,,N0,,pMMR,,WT,WT,WT,other,,malignant,,,,,,
431,transverse colon,"pT3, N0",,pT3,N0,,M,84,No Loss,Not performed,No mutation,No mutation,No mutation,SR1482,431,84,M,transverse_colon,transverse,pT3,N0,,N0,,pMMR,,WT,WT,WT,other,,malignant,,,,,,
432,right colon,,,,,,F,71,No Loss,Not performed,No mutation,No mutation,No mutation,SR1482,432,71,F,right_colon,right,,,,,,pMMR,,WT,WT,WT,,,malignant,,,,,,
433,transverse colon,pT4(a&b) pN2a,,pT4a&b,pN2a,,F,81,Not performed,MSI High,No mutation,No mutation,No mutation,SR1482,433,81,F,transverse_colon,transverse,pT4a,pN2a,,N+(>3),,,MSI-H,WT,WT,WT,other,,malignant,,,,,,
434,proximal ascending colon,pT1,,pT1,,,F,81,Loss of MLH1 & PMS2,MSI High,No mutation,No mutation,c.1799T>A p.(Val600Glu),SR1482,434,81,F,right_colon,right,pT1,,,,,dMMR,MSI-H,WT,WT,Mutated,other,,malignant,,,,,,
