case_id_norm,dataset,age_norm,sex_norm,site_group_norm,side_norm,lesion_class_norm,hist_type_norm,grade_norm,pT_cat,pN_cat,pM_cat,N_status_norm,stage_simplified,LN_examined_norm,LN_positive_norm,LVI_norm,PNI_norm,MMR_status_norm,MSI_status_norm,KRAS_status_norm,NRAS_status_norm,BRAF_status_norm,death_5y_norm,os_days_norm
1,SR386,91,F,rectum,rectum,,,,pT2,,,,I,,,,,pMMR,,Mutated,WT,WT,1.0,711.0
3,SR386,82,M,sigmoid,left,,adenocarcinoma,G2,pT2,N0,,N0,I,,,,,pMMR,,Mutated,WT,WT,1.0,650.0
4,SR386,43,M,rectum,rectum,,adenocarcinoma,G2,pT2,N0,,N0,I,,,,,pMMR,,WT,WT,WT,,
6,SR386,58,F,sigmoid,left,,adenocarcinoma,G2,pT3,N0,,N0,II,,,,,pMMR,,WT,WT,WT,0.0,
7,SR386,64,M,rectum,rectum,,adenocarcinoma,G2,pT4b,N0,,N0,II,,,,,pMMR,,WT,WT,WT,1.0,1884.0
10,SR386,79,F,right_colon,right,,adenocarcinoma,G2,pT3,N0,,N0,II,,,,,pMMR,,Mutated,WT,WT,0.0,
13,SR386,76,M,rectum,rectum,,adenocarcinoma,G2,pT3,N0,,N0,II,,,,,pMMR,,WT,Mutated,WT,0.0,
14,SR386,73,F,rectum,rectum,,adenocarcinoma,G2,pT2,N0,,N0,I,,,,,pMMR,,WT,WT,WT,0.0,
15,SR386,67,M,rectum,rectum,,adenocarcinoma,G2,pT2,N0,,N0,I,,,,,pMMR,,WT,WT,WT,1.0,365.0
16,SR386,75,M,rectum,rectum,,adenocarcinoma,G2,pT2,N0,,N0,I,,,,,pMMR,,WT,WT,WT,0.0,
17,SR386,78,F,left_colon,left,,mucinous_adenocarcinoma,G2,pT3,N0,,N0,II,,,,,dMMR,,WT,WT,WT,1.0,1852.0
18,SR386,76,F,rectum,rectum,,adenocarcinoma,G2,pT3,N0,,N0,II,,,,,pMMR,,WT,WT,WT,1.0,215.0
19,SR386,70,M,rectum,rectum,,adenocarcinoma,G2,pT3,N0,,N0,II,,,,,pMMR,,Mutated,WT,WT,0.0,
20,SR386,58,M,rectum,rectum,,adenocarcinoma,G2,pT2,N1,,N+(1-3),III,,,,,pMMR,,WT,WT,WT,0.0,
22,SR386,63,F,right_colon,right,,mucinous_adenocarcinoma,G2,pT3,N0,,N0,II,,,,,dMMR,,WT,WT,V600E,0.0,
24,SR386,43,M,sigmoid,left,,adenocarcinoma,G2,pT3,N0,,N0,II,,,,,pMMR,,WT,WT,WT,0.0,
27,SR386,65,F,right_colon,right,,mucinous_adenocarcinoma,G1,pT4,N0,,N0,II,,,,,pMMR,,Mutated,WT,WT,1.0,872.0
28,SR386,61,M,rectum,rectum,,adenocarcinoma,G2,pT3,N0,,N0,II,,,,,pMMR,,WT,WT,WT,1.0,1627.0
30,SR386,69,F,left_colon,left,,mucinous_adenocarcinoma,G2,pT3,N0,,N0,II,,,,,pMMR,,WT,WT,V600E,0.0,
32,SR386,64,M,rectum,rectum,,adenocarcinoma,G2,pT3,N0,,N0,II,,,,,pMMR,,WT,WT,WT,0.0,
33,SR386,71,F,right_colon,right,,adenocarcinoma,G2,pT3,N0,,N0,II,,,,,pMMR,,WT,WT,V600E,0.0,
34,SR386,83,M,right_colon,right,,adenocarcinoma,G2,pT3,N1,,N+(1-3),III,,,,,pMMR,,WT,WT,WT,0.0,
35,SR386,63,M,rectum,rectum,,adenocarcinoma,G2,pT3,N0,,N0,II,,,,,pMMR,,Mutated,WT,WT,0.0,
36,SR386,75,F,sigmoid,left,,adenocarcinoma,G2,pT3,N1,,N+(1-3),III,,,,,pMMR,,Mutated,WT,WT,0.0,
37,SR386,80,F,right_colon,right,,adenocarcinoma,G2,pT4,N2,,N+(>3),III,,,,,pMMR,,Mutated,WT,WT,1.0,297.0
38,SR386,87,F,rectum,rectum,,adenocarcinoma,G2,pT2,N1,,N+(1-3),III,,,,,pMMR,,WT,WT,WT,0.0,
39,SR386,60,F,left_colon,left,,adenocarcinoma,G2,pT2,N2,,N+(>3),III,,,,,pMMR,,Mutated,WT,WT,0.0,
40,SR386,67,M,transverse_colon,transverse,,mucinous_adenocarcinoma,G3,pT3,N0,,N0,II,,,,,dMMR,,WT,WT,V600E,0.0,
41,SR386,74,F,right_colon,right,,signet_ring,G3,pT3,N1,,N+(1-3),III,,,,,pMMR,,WT,WT,V600E,1.0,708.0
42,SR386,82,F,right_colon,right,,adenocarcinoma,G1,pT3,N0,,N0,II,,,,,pMMR,,Mutated,WT,WT,0.0,
43,SR386,49,M,rectum,rectum,,mucinous_adenocarcinoma,G2,pT2,N1,,N+(1-3),III,,,,,pMMR,,Mutated,WT,WT,0.0,
44,SR386,85,M,right_colon,right,,adenocarcinoma,G2,pT3,N0,,N0,II,,,,,dMMR,,WT,WT,V600E,1.0,510.0
46,SR386,76,F,rectum,rectum,,adenocarcinoma,G2,pT3,N0,,N0,II,,,,,pMMR,,WT,WT,WT,0.0,
47,SR386,58,F,right_colon,right,,adenocarcinoma,G2,pT3,N0,,N0,II,,,,,pMMR,,WT,WT,V600E,0.0,
49,SR386,66,F,rectum,rectum,,adenocarcinoma,G2,pT2,N1,,N+(1-3),III,,,,,pMMR,,Mutated,WT,WT,0.0,
50,SR386,85,M,sigmoid,left,,adenocarcinoma,G2,pT3,N1,,N+(1-3),III,,,,,pMMR,,WT,WT,WT,1.0,945.0
51,SR386,55,M,rectum,rectum,,adenocarcinoma,G3,pT1,N0,,N0,I,,,,,pMMR,,Mutated,WT,WT,0.0,
52,SR386,66,F,rectum,rectum,,adenocarcinoma,G2,pT2,N0,,N0,I,,,,,pMMR,,WT,WT,WT,0.0,
56,SR386,78,M,sigmoid,left,,adenocarcinoma,G2,pT2,N0,,N0,I,,,,,pMMR,,WT,WT,WT,0.0,
57,SR386,57,M,sigmoid,left,,adenocarcinoma,G2,pT4b,pN1,,N+(1-3),III,,,,,pMMR,,WT,WT,WT,0.0,
58,SR386,74,F,sigmoid,left,,adenocarcinoma,G2,pT3,N1,,N+(1-3),III,,,,,pMMR,,WT,WT,WT,1.0,536.0
60,SR386,75,M,rectum,rectum,,adenocarcinoma,G2,pT2,N0,,N0,I,,,,,pMMR,,Mutated,WT,WT,0.0,
62,SR386,65,M,rectum,rectum,,mucinous_adenocarcinoma,G2,pT3,pN0,,N0,II,,,,,pMMR,,Mutated,WT,WT,0.0,
63,SR386,80,M,transverse_colon,transverse,,mucinous_adenocarcinoma,G2,pT4b,N0,,N0,II,,,,,pMMR,,Mutated,WT,WT,1.0,9.0
65,SR386,77,F,transverse_colon,transverse,,mucinous_adenocarcinoma,G2,pT3,N0,,N0,II,,,,,dMMR,,WT,WT,V600E,1.0,1643.0
66,SR386,62,F,right_colon,right,,adenocarcinoma,G2,pT3,N1,,N+(1-3),III,,,,,pMMR,,WT,WT,WT,1.0,350.0
67,SR386,61,F,transverse_colon,transverse,,adenocarcinoma,G2,pT3,N0,,N0,II,,,,,pMMR,,WT,WT,WT,0.0,
69,SR386,79,M,right_colon,right,,adenocarcinoma,G2,pT3,N0,,N0,II,,,,,pMMR,,WT,WT,WT,0.0,
70,SR386,54,F,rectum,rectum,,adenocarcinoma,G2,pT1,N1,,N+(1-3),III,,,,,pMMR,,WT,WT,WT,0.0,
72,SR386,69,M,rectum,rectum,,adenocarcinoma,G2,pT3,N0,,N0,II,,,,,pMMR,,WT,WT,WT,0.0,
74,SR386,72,M,rectum,rectum,,adenocarcinoma,G2,pT2,N0,,N0,I,,,,,pMMR,,WT,Mutated,WT,0.0,
75,SR386,69,F,rectum,rectum,,adenocarcinoma,G2,pT3,N1,,N+(1-3),III,,,,,pMMR,,WT,WT,WT,0.0,
78,SR386,92,M,rectum,rectum,,adenocarcinoma,G2,pT2,N0,,N0,I,,,,,pMMR,,WT,WT,WT,0.0,
79,SR386,56,M,rectum,rectum,,adenocarcinoma,G2,pT3,N1,,N+(1-3),III,,,,,pMMR,,WT,WT,WT,0.0,
80,SR386,80,F,rectum,rectum,,adenocarcinoma,G2,pT3,N2,,N+(>3),III,,,,,pMMR,,WT,WT,WT,1.0,1867.0
81,SR386,67,M,rectum,rectum,,adenocarcinoma,G2,pT1,N1,,N+(1-3),III,,,,,pMMR,,Mutated,WT,WT,0.0,
82,SR386,53,F,sigmoid,left,,adenocarcinoma,G2,pT4a,N0,,N0,II,,,,,pMMR,,WT,WT,WT,1.0,201.0
83,SR386,71,F,rectum,rectum,,adenocarcinoma,G2,pT4b,N1,,N+(1-3),III,,,,,pMMR,,WT,WT,WT,1.0,320.0
84,SR386,72,F,right_colon,right,,adenocarcinoma,G3,pT4b,N2,M1,N+(>3),III,,,,,pMMR,,WT,Mutated,WT,1.0,212.0
85,SR386,59,M,rectum,rectum,,adenocarcinoma,G2,pT1,N0,,N0,I,,,,,pMMR,,WT,WT,WT,0.0,
86,SR386,52,M,right_colon,right,,adenocarcinoma,G2,pT3,N0,,N0,II,,,,,pMMR,,WT,WT,WT,0.0,
87,SR386,61,F,transverse_colon,transverse,,mucinous_adenocarcinoma,G2,pT4,N0,,N0,II,,,,,pMMR,,WT,WT,V600E,0.0,
88,SR386,81,F,sigmoid,left,,adenocarcinoma,G2,pT3,N0,,N0,II,,,,,pMMR,,WT,WT,WT,0.0,
91,SR386,77,F,sigmoid,left,,adenocarcinoma,G2,pT3,N0,,N0,II,,,,,pMMR,,Mutated,WT,WT,1.0,350.0
92,SR386,70,F,right_colon,right,,adenocarcinoma,G3,pT3,N1,,N+(1-3),III,,,,,dMMR,,WT,WT,V600E,0.0,
94,SR386,54,F,sigmoid,left,,adenocarcinoma,G2,pT2,N1,,N+(1-3),III,,,,,pMMR,,WT,WT,WT,0.0,
95,SR386,51,F,sigmoid,left,,adenocarcinoma,G2,pT1,N1,,N+(1-3),III,,,,,pMMR,,Mutated,WT,WT,0.0,
96,SR386,58,M,rectum,rectum,,adenocarcinoma,G2,pT3,N0,,N0,II,,,,,pMMR,,WT,WT,WT,0.0,
97,SR386,39,F,sigmoid,left,,adenocarcinoma,G2,pT3,N0,,N0,II,,,,,pMMR,,WT,WT,WT,0.0,
98,SR386,75,M,right_colon,right,,adenocarcinoma,G2,pT4b,pN2,,N+(>3),III,,,,,pMMR,,WT,WT,WT,1.0,1188.0
99,SR386,74,M,rectum,rectum,,adenocarcinoma,G2,pT3,N2,,N+(>3),III,,,,,pMMR,,Mutated,WT,WT,1.0,1096.0
100,SR386,59,F,sigmoid,left,,adenocarcinoma,G3,pT3,N2,,N+(>3),III,,,,,pMMR,,WT,WT,WT,1.0,158.0
103,SR386,60,M,rectum,rectum,,adenocarcinoma,G3,pT3,N2,,N+(>3),III,,,,,pMMR,,WT,WT,WT,0.0,
104,SR386,70,M,right_colon,right,,adenocarcinoma,G2,pT3,pN1,,N+(1-3),III,,,,,pMMR,,WT,WT,WT,0.0,
105,SR386,65,M,sigmoid,left,,adenocarcinoma,G2,pT3,N0,,N0,II,,,,,pMMR,,WT,WT,WT,0.0,
106,SR386,67,M,sigmoid,left,,adenocarcinoma,G2,pT3,N1,,N+(1-3),III,,,,,pMMR,,WT,WT,WT,0.0,
107,SR386,80,F,transverse_colon,transverse,,adenocarcinoma,G2,pT3,pN1,,N+(1-3),III,,,,,pMMR,,Mutated,WT,WT,0.0,
108,SR386,75,M,rectum,rectum,,adenocarcinoma,G2,pT3,N0,,N0,II,,,,,pMMR,,WT,WT,WT,1.0,2282.0
109,SR386,78,M,rectum,rectum,,adenocarcinoma,G2,pT3,N1,,N+(1-3),III,,,,,dMMR,,Mutated,WT,WT,1.0,160.0
110,SR386,43,F,right_colon,right,,adenocarcinoma,G1,pT3,N2,,N+(>3),III,,,,,pMMR,,WT,WT,WT,1.0,576.0
112,SR386,58,M,right_colon,right,,adenocarcinoma,G2,pT4b,N0,,N0,II,,,,,pMMR,,WT,WT,WT,0.0,
113,SR386,80,M,sigmoid,left,,adenocarcinoma,G2,pT2,N0,,N0,I,,,,,pMMR,,WT,WT,WT,0.0,
114,SR386,80,F,sigmoid,left,,adenocarcinoma,G2,pT4b,N2,,N+(>3),III,,,,,pMMR,,WT,WT,WT,1.0,1433.0
117,SR386,59,M,sigmoid,left,,adenocarcinoma,G2,pT2,N0,,N0,I,,,,,pMMR,,WT,WT,WT,0.0,
119,SR386,57,M,right_colon,right,,adenocarcinoma,G3,pT4b,N0,,N0,II,,,,,pMMR,,WT,WT,WT,0.0,
122,SR386,68,M,rectum,rectum,,adenocarcinoma,G2,pT3,N0,,N0,II,,,,,pMMR,,WT,WT,WT,0.0,
123,SR386,86,F,transverse_colon,transverse,,adenocarcinoma,G2,pT4,N1,,N+(1-3),III,,,,,pMMR,,WT,WT,WT,1.0,32.0
126,SR386,72,F,sigmoid,left,,adenocarcinoma,G3,pT4b,N2,,N+(>3),III,,,,,pMMR,,Mutated,WT,WT,1.0,1150.0
127,SR386,59,M,rectum,rectum,,adenocarcinoma,G2,pT3,pN0,,N0,II,,,,,pMMR,,Mutated,WT,WT,0.0,
128,SR386,57,F,rectum,rectum,,adenocarcinoma,G2,pT2,N0,,N0,I,,,,,pMMR,,WT,WT,WT,0.0,
129,SR386,54,M,sigmoid,left,,adenocarcinoma,G2,pT3,N2,,N+(>3),III,,,,,pMMR,,WT,WT,WT,0.0,
130,SR386,59,M,rectum,rectum,,adenocarcinoma,G2,pT3,N0,cM1,N0,IV,,,,,pMMR,,WT,WT,WT,0.0,
131,SR386,60,F,rectum,rectum,,adenocarcinoma,G2,pT4,N2,,N+(>3),III,,,,,pMMR,,WT,WT,V600E,1.0,394.0
132,SR386,52,F,rectum,rectum,,adenocarcinoma,G2,pT3,N0,,N0,II,,,,,pMMR,,WT,WT,WT,0.0,
133,SR386,59,F,sigmoid,left,,adenocarcinoma,G2,pT4b,,M1,,IV,,,,,pMMR,,Mutated,WT,WT,1.0,236.0
135,SR386,49,F,right_colon,right,,signet_ring,G3,pT4b,N2,,N+(>3),III,,,,,pMMR,,WT,WT,WT,0.0,
136,SR386,64,M,sigmoid,left,,adenocarcinoma,G2,pT3,N0,,N0,II,,,,,pMMR,,WT,WT,WT,0.0,
138,SR386,76,F,rectum,rectum,,adenocarcinoma,G2,pT2,N1,,N+(1-3),III,,,,,pMMR,,Mutated,WT,WT,0.0,
140,SR386,61,M,sigmoid,left,,adenocarcinoma,G2,pT3,N2,,N+(>3),III,,,,,pMMR,,Mutated,WT,WT,0.0,
142,SR386,63,F,sigmoid,left,,adenocarcinoma,G2,pT4b,N1,,N+(1-3),III,,,,,pMMR,,WT,WT,V600E,0.0,
144,SR386,82,F,right_colon,right,,adenocarcinoma,G2,pT3,N1,,N+(1-3),III,,,,,pMMR,,Mutated,WT,WT,0.0,
145,SR386,73,F,left_colon,left,,adenocarcinoma,G1,pT3,N0,,N0,II,,,,,pMMR,,Mutated,WT,WT,0.0,
147,SR386,68,F,rectum,rectum,,adenocarcinoma,G2,pT3,pN1,,N+(1-3),III,,,,,pMMR,,Mutated,WT,WT,0.0,
148,SR386,63,M,left_colon,left,,adenocarcinoma,G2,pT2,N2,,N+(>3),III,,,,,pMMR,,Mutated,WT,WT,0.0,
149,SR386,76,M,rectum,rectum,,adenocarcinoma,G2,pT1,N1,,N+(1-3),III,,,,,pMMR,,Mutated,WT,WT,0.0,
150,SR386,75,F,rectum,rectum,,adenocarcinoma,G2,pT3,N0,,N0,II,,,,,pMMR,,Mutated,WT,WT,0.0,
152,SR386,81,F,sigmoid,left,,adenocarcinoma,G2,pT4,N1,,N+(1-3),III,,,,,pMMR,,WT,WT,WT,1.0,1113.0
154,SR386,73,M,left_colon,left,,adenocarcinoma,G2,pT2,N0,,N0,I,,,,,pMMR,,WT,WT,WT,0.0,
155,SR386,60,M,left_colon,left,,adenocarcinoma,G2,pT3,N0,,N0,II,,,,,pMMR,,WT,WT,V600E,0.0,
157,SR386,62,M,rectum,rectum,,adenocarcinoma,G2,pT4b,N0,,N0,II,,,,,pMMR,,WT,WT,WT,0.0,
160,SR386,50,M,sigmoid,left,,adenocarcinoma,G2,pT4,N0,,N0,II,,,,,pMMR,,WT,WT,WT,0.0,
164,SR386,58,M,right_colon,right,,adenocarcinoma,G2,pT3,pN2,,N+(>3),III,,,,,pMMR,,WT,WT,V600E,1.0,56.0
165,SR386,65,M,right_colon,right,,adenocarcinoma,G2,pT1,N0,,N0,I,,,,,dMMR,,WT,WT,V600E,0.0,
166,SR386,62,M,transverse_colon,transverse,,adenocarcinoma,G2,pT2,N1,,N+(1-3),III,,,,,pMMR,,WT,WT,WT,1.0,1476.0
168,SR386,83,F,right_colon,right,,mucinous_adenocarcinoma,G3,pT3,pN0,,N0,II,,,,,dMMR,,WT,WT,V600E,1.0,1220.0
169,SR386,61,F,rectum,rectum,,adenocarcinoma,G2,pT4b,N1,,N+(1-3),III,,,,,pMMR,,WT,WT,WT,0.0,
170,SR386,82,M,right_colon,right,,mucinous_adenocarcinoma,G2,pT3,N1,,N+(1-3),III,,,,,dMMR,,WT,WT,WT,0.0,
172,SR386,66,F,right_colon,right,,mucinous_adenocarcinoma,G2,pT3,N0,,N0,II,,,,,pMMR,,WT,WT,V600E,0.0,
174,SR386,85,F,right_colon,right,,adenocarcinoma,G2,pT3,N0,,N0,II,,,,,pMMR,,WT,WT,WT,1.0,1454.0
175,SR386,51,M,sigmoid,left,,adenocarcinoma,G2,pT2,N0,,N0,I,,,,,pMMR,,WT,WT,WT,0.0,
176,SR386,83,F,right_colon,right,,adenocarcinoma,G1,pT3,N0,,N0,II,,,,,dMMR,,WT,WT,V600E,1.0,1714.0
177,SR386,46,M,rectum,rectum,,adenocarcinoma,G2,pT3,N1,,N+(1-3),III,,,,,pMMR,,WT,WT,WT,0.0,
178,SR386,66,F,right_colon,right,,adenocarcinoma,G2,pT3,N0,,N0,II,,,,,pMMR,,Mutated,WT,WT,0.0,
179,SR386,60,F,transverse_colon,transverse,,adenocarcinoma,G2,pT4b,N2,M1,N+(>3),IV,,,,,pMMR,,WT,WT,V600E,1.0,1298.0
180,SR386,59,F,rectum,rectum,,adenocarcinoma,G2,pT2,N1,,N+(1-3),III,,,,,pMMR,,WT,WT,V600E,0.0,
181,SR386,51,M,right_colon,right,,adenocarcinoma,G2,pT3,N1,,N+(1-3),III,,,,,pMMR,,Mutated,WT,WT,0.0,
182,SR386,60,M,sigmoid,left,,adenocarcinoma,G2,pT2,N1,,N+(1-3),III,,,,,pMMR,,WT,WT,WT,0.0,
184,SR386,61,F,rectum,rectum,,adenocarcinoma,G2,pT2,N0,,N0,I,,,,,pMMR,,Mutated,WT,WT,0.0,
187,SR386,47,F,rectum,rectum,,mucinous_adenocarcinoma,G2,pT4a,N1,,N+(1-3),III,,,,,pMMR,,Mutated,WT,WT,0.0,
188,SR386,83,M,right_colon,right,,adenocarcinoma,G2,pT4b,N2,,N+(>3),III,,,,,pMMR,,Mutated,WT,WT,1.0,295.0
189,SR386,48,F,rectum,rectum,,adenocarcinoma,G2,pT3,pN2,,N+(>3),III,,,,,pMMR,,WT,WT,WT,0.0,
190,SR386,78,F,rectum,rectum,,adenocarcinoma,G2,pT2,N2,,N+(>3),III,,,,,pMMR,,WT,WT,WT,0.0,
191,SR386,76,F,sigmoid,left,,adenocarcinoma,G2,pT4b,N1,,N+(1-3),III,,,,,pMMR,,Mutated,WT,WT,0.0,
192,SR386,62,F,rectum,rectum,,adenocarcinoma,G2,pT3,N1,,N+(1-3),III,,,,,pMMR,,WT,WT,WT,0.0,
195,SR386,76,M,sigmoid,left,,adenocarcinoma,G2,pT3,N1,,N+(1-3),III,,,,,pMMR,,WT,WT,WT,1.0,1197.0
196,SR386,76,F,right_colon,right,,adenocarcinoma,G2,pT3,N1,,N+(1-3),III,,,,,pMMR,,WT,WT,WT,0.0,
197,SR386,63,M,rectum,rectum,,adenocarcinoma,G2,pT2,N0,,N0,I,,,,,pMMR,,WT,WT,WT,0.0,
198,SR386,69,M,rectum,rectum,,adenocarcinoma,G2,pT3,N1,,N+(1-3),III,,,,,pMMR,,WT,WT,WT,0.0,
200,SR386,67,F,transverse_colon,transverse,,mucinous_adenocarcinoma,G2,pT3,N1,,N+(1-3),III,,,,,pMMR,,WT,WT,WT,0.0,
201,SR386,78,F,transverse_colon,transverse,,adenocarcinoma,G2,pT3,N0,,N0,II,,,,,pMMR,,WT,Mutated,WT,0.0,
202,SR386,55,M,left_colon,left,,adenocarcinoma,G2,pT2,N0,,N0,I,,,,,pMMR,,WT,WT,WT,0.0,
205,SR386,74,M,transverse_colon,transverse,,adenocarcinoma,G3,pT4b,N0,,N0,II,,,,,pMMR,,WT,WT,WT,1.0,193.0
206,SR386,67,F,sigmoid,left,,adenocarcinoma,G2,pT4b,N1,,N+(1-3),III,,,,,dMMR,,WT,WT,WT,0.0,
208,SR386,68,F,left_colon,left,,adenocarcinoma,G2,pT4b,N0,,N0,II,,,,,pMMR,,Mutated,WT,WT,,
209,SR386,61,F,sigmoid,left,,adenocarcinoma,G2,pT2,N0,,N0,I,,,,,pMMR,,WT,WT,WT,0.0,
210,SR386,74,F,transverse_colon,transverse,,adenocarcinoma,G2,pT3,N1,,N+(1-3),III,,,,,pMMR,,Mutated,WT,WT,1.0,664.0
211,SR386,61,M,sigmoid,left,,adenocarcinoma,G1,pT4b,N2,,N+(>3),III,,,,,pMMR,,Mutated,WT,WT,1.0,818.0
212,SR386,69,M,left_colon,left,,adenocarcinoma,G2,pT4b,N0,,N0,II,,,,,pMMR,,WT,WT,WT,1.0,323.0
213,SR386,77,M,rectum,rectum,,adenocarcinoma,G2,pT2,N0,,N0,I,,,,,pMMR,,WT,WT,WT,0.0,
214,SR386,72,F,rectum,rectum,,adenocarcinoma,G3,pT3,N2,,N+(>3),III,,,,,pMMR,,WT,WT,WT,1.0,1154.0
216,SR386,76,F,right_colon,right,,mucinous_adenocarcinoma,G2,pT4b,N0,,N0,II,,,,,dMMR,,WT,WT,V600E,1.0,198.0
220,SR386,83,F,sigmoid,left,,adenocarcinoma,G2,pT4b,N0,,N0,II,,,,,pMMR,,Mutated,WT,WT,1.0,1012.0
221,SR386,50,M,rectum,rectum,,adenocarcinoma,G2,pT2,N1,,N+(1-3),III,,,,,pMMR,,WT,WT,WT,0.0,
224,SR386,70,M,left_colon,left,,adenocarcinoma,G2,pT4b,N2,,N+(>3),III,,,,,pMMR,,Mutated,WT,V600E,1.0,643.0
227,SR386,77,M,right_colon,right,,adenocarcinoma,G2,pT4a,N2,,N+(>3),III,,,,,pMMR,,Mutated,WT,WT,0.0,
230,SR386,84,F,right_colon,right,,adenocarcinoma,G3,pT3,N0,,N0,II,,,,,dMMR,,WT,Mutated,WT,0.0,
231,SR386,86,F,right_colon,right,,mucinous_adenocarcinoma,G3,pT4b,N1,M1,N+(1-3),III,,,,,dMMR,,WT,WT,V600E,1.0,192.0
232,SR386,62,F,rectum,rectum,,adenocarcinoma,G2,pT3,N0,,N0,II,,,,,pMMR,,WT,WT,WT,0.0,
233,SR386,76,M,right_colon,right,,mucinous_adenocarcinoma,G2,pT4b,N2,,N+(>3),III,,,,,pMMR,,Mutated,WT,WT,1.0,721.0
234,SR386,65,F,sigmoid,left,,adenocarcinoma,G2,pT3,pN0,,N0,II,,,,,pMMR,,WT,WT,WT,0.0,
235,SR386,57,M,rectum,rectum,,adenocarcinoma,G2,pT2,N1,,N+(1-3),III,,,,,pMMR,,WT,WT,V600E,0.0,
236,SR386,63,M,right_colon,right,,adenocarcinoma,G2,pT3,N0,,N0,II,,,,,pMMR,,Mutated,WT,WT,0.0,
237,SR386,80,M,left_colon,left,,adenocarcinoma,G2,pT3,N0,,N0,II,,,,,pMMR,,WT,WT,WT,0.0,
238,SR386,81,F,rectum,rectum,,adenocarcinoma,G2,pT3,N1,,N+(1-3),III,,,,,pMMR,,WT,WT,WT,1.0,493.0
239,SR386,89,M,right_colon,right,,adenocarcinoma,G2,pT4b,N1,,N+(1-3),III,,,,,pMMR,,Mutated,WT,WT,1.0,316.0
240,SR386,64,M,rectum,rectum,,adenocarcinoma,G2,pT2,N0,,N0,I,,,,,pMMR,,Mutated,WT,WT,0.0,
241,SR386,53,M,rectum,rectum,,adenocarcinoma,G2,pT3,N0,,N0,II,,,,,pMMR,,Mutated,WT,WT,0.0,
242,SR386,57,F,rectum,rectum,,adenocarcinoma,G2,pT2,N0,,N0,I,,,,,pMMR,,WT,WT,WT,0.0,
244,SR386,61,M,rectum,rectum,,adenocarcinoma,G2,pT1,N0,,N0,I,,,,,pMMR,,WT,WT,WT,0.0,
245,SR386,70,M,rectum,rectum,,adenocarcinoma,G2,pT3,N1,,N+(1-3),III,,,,,pMMR,,WT,WT,WT,1.0,515.0
247,SR386,81,M,rectum,rectum,,adenocarcinoma,G2,pT3,N0,,N0,II,,,,,pMMR,,WT,WT,WT,1.0,1367.0
248,SR386,54,F,sigmoid,left,,adenocarcinoma,G2,pT2,N1,,N+(1-3),III,,,,,pMMR,,WT,WT,WT,0.0,
249,SR386,63,M,,,,adenocarcinoma,G2,pT4,N1,,N+(1-3),III,,,,,pMMR,,WT,WT,WT,0.0,
250,SR386,42,M,rectum,rectum,,adenocarcinoma,G2,pT4,N1,,N+(1-3),III,,,,,pMMR,,WT,WT,WT,1.0,1053.0
252,SR386,71,M,rectum,rectum,,mucinous_adenocarcinoma,G2,pT2,N0,,N0,I,,,,,pMMR,,WT,Mutated,WT,0.0,
253,SR386,59,M,transverse_colon,transverse,,adenocarcinoma,G2,pT2,N1,,N+(1-3),III,,,,,pMMR,,Mutated,WT,WT,0.0,
255,SR386,71,M,sigmoid,left,,adenocarcinoma,G2,pT3,N0,,N0,II,,,,,pMMR,,Mutated,WT,WT,0.0,
256,SR386,63,M,rectum,rectum,,adenocarcinoma,G2,pT2,N0,,N0,I,,,,,pMMR,,WT,WT,WT,0.0,
259,SR386,75,F,right_colon,right,,mucinous_adenocarcinoma,G2,pT3,N0,,N0,II,,,,,dMMR,,WT,WT,V600E,0.0,
260,SR386,79,M,sigmoid,left,,mucinous_adenocarcinoma,G2,pT4,N1,,N+(1-3),III,,,,,pMMR,,Mutated,WT,WT,1.0,331.0
262,SR386,73,F,right_colon,right,,adenocarcinoma,G2,pT3,N1,cM1,N+(1-3),IV,,,,,pMMR,,Mutated,WT,WT,1.0,638.0
263,SR386,53,M,rectum,rectum,,adenocarcinoma,G2,pT3,N0,,N0,II,,,,,pMMR,,WT,WT,WT,0.0,
264,SR386,83,M,right_colon,right,,adenocarcinoma,G2,pT3,N0,,N0,II,,,,,pMMR,,WT,WT,WT,0.0,
265,SR386,75,F,transverse_colon,transverse,,adenocarcinoma,G2,pT3,N0,M1,N0,IV,,,,,pMMR,,,,V600E,1.0,230.0
267,SR386,77,M,rectum,rectum,,adenocarcinoma,G2,pT3,N2,,N+(>3),III,,,,,pMMR,,WT,WT,WT,1.0,1261.0
268,SR386,59,M,right_colon,right,,adenocarcinoma,G2,pT4b,N2,,N+(>3),III,,,,,pMMR,,WT,WT,V600E,1.0,360.0
269,SR386,61,F,left_colon,left,,adenocarcinoma,G2,pT3,N1,,N+(1-3),III,,,,,pMMR,,Mutated,WT,WT,0.0,
270,SR386,70,F,left_colon,left,,adenocarcinoma,G2,pT4a,N2,,N+(>3),III,,,,,pMMR,,WT,WT,V600E,1.0,233.0
271,SR386,71,M,rectum,rectum,,adenocarcinoma,G2,pT3,N0,,N0,II,,,,,pMMR,,Mutated,WT,WT,1.0,1000.0
272,SR386,66,F,sigmoid,left,,adenocarcinoma,G1,pT4a,N1,,N+(1-3),III,,,,,pMMR,,Mutated,WT,WT,0.0,
273,SR386,70,F,right_colon,right,,adenocarcinoma,G2,pT2,N0,,N0,I,,,,,pMMR,,Mutated,WT,WT,0.0,
274,SR386,39,M,rectum,rectum,,adenocarcinoma,G2,pT2,N1,,N+(1-3),III,,,,,pMMR,,WT,WT,WT,0.0,
275,SR386,53,F,transverse_colon,transverse,,adenocarcinoma,G3,pT3,N2,,N+(>3),III,,,,,pMMR,,Mutated,WT,WT,0.0,
276,SR386,61,M,right_colon,right,,mucinous_adenocarcinoma,G3,pT4b,N2,,N+(>3),III,,,,,pMMR,,WT,WT,WT,1.0,302.0
277,SR386,70,M,right_colon,right,,adenocarcinoma,G3,pT3,N2,,N+(>3),III,,,,,pMMR,,Mutated,WT,WT,0.0,
278,SR386,74,M,right_colon,right,,mucinous_adenocarcinoma,G2,pT4a,N0,,N0,II,,,,,dMMR,,WT,WT,WT,0.0,
281,SR386,60,M,rectum,rectum,,adenocarcinoma,G2,pT3,pN1,,N+(1-3),III,,,,,pMMR,,WT,WT,WT,0.0,
282,SR386,79,F,transverse_colon,transverse,,adenocarcinoma,G2,pT3,N1,,N+(1-3),III,,,,,pMMR,,WT,WT,WT,0.0,
284,SR386,68,F,transverse_colon,transverse,,adenocarcinoma,G2,pT3,N0,,N0,II,,,,,pMMR,,WT,WT,WT,0.0,
285,SR386,69,M,right_colon,right,,adenocarcinoma,G2,pT3,N0,,N0,II,,,,,pMMR,,Mutated,WT,WT,0.0,
286,SR386,75,M,left_colon,left,,adenocarcinoma,G2,pT3,N1,,N+(1-3),III,,,,,pMMR,,WT,WT,WT,0.0,
287,SR386,87,M,rectum,rectum,,mucinous_adenocarcinoma,G2,pT3,N0,,N0,II,,,,,pMMR,,Mutated,WT,WT,1.0,209.0
288,SR386,61,M,rectum,rectum,,adenocarcinoma,G2,pT3,N1,,N+(1-3),III,,,,,pMMR,,WT,WT,WT,0.0,
290,SR386,71,M,right_colon,right,,adenocarcinoma,G3,pT3,N1,,N+(1-3),III,,,,,pMMR,,WT,WT,WT,1.0,505.0
291,SR386,82,M,rectum,rectum,,mucinous_adenocarcinoma,G3,pT4b,N1,M1,N+(1-3),IV,,,,,pMMR,,Mutated,WT,WT,1.0,309.0
293,SR386,75,F,sigmoid,left,,adenocarcinoma,G2,pT3,N0,,N0,II,,,,,pMMR,,Mutated,WT,WT,0.0,
294,SR386,52,F,right_colon,right,,signet_ring,G3,pT4b,N2,,N+(>3),III,,,,,pMMR,,Mutated,WT,WT,1.0,713.0
297,SR386,60,F,sigmoid,left,,adenocarcinoma,G1,pT2,N0,,N0,I,,,,,pMMR,,WT,WT,WT,0.0,
298,SR386,77,F,right_colon,right,,adenocarcinoma,G2,pT3,N0,,N0,II,,,,,pMMR,,Mutated,WT,WT,0.0,
299,SR386,60,F,rectum,rectum,,adenocarcinoma,G2,pT2,N0,,N0,I,,,,,pMMR,,WT,WT,WT,0.0,
300,SR386,64,M,sigmoid,left,,adenocarcinoma,G2,pT3,N0,,N0,II,,,,,pMMR,,WT,WT,WT,1.0,947.0
301,SR386,72,F,sigmoid,left,,adenocarcinoma,G2,pT4,N0,,N0,II,,,,,pMMR,,WT,WT,WT,1.0,559.0
302,SR386,64,M,sigmoid,left,,mucinous_adenocarcinoma,G2,pT4,N1,,N+(1-3),III,,,,,pMMR,,WT,WT,WT,1.0,1043.0
303,SR386,80,F,rectum,rectum,,adenocarcinoma,G2,pT2,N0,,N0,I,,,,,pMMR,,WT,WT,WT,1.0,324.0
305,SR386,66,F,right_colon,right,,adenocarcinoma,G2,pT3,N1,M1,N+(1-3),III,,,,,pMMR,,Mutated,WT,WT,1.0,689.0
306,SR386,50,F,rectum,rectum,,mucinous_adenocarcinoma,G3,pT3,N0,,N0,II,,,,,pMMR,,Mutated,WT,WT,0.0,
308,SR386,61,M,rectum,rectum,,adenocarcinoma,G2,pT2,N0,,N0,I,,,,,pMMR,,WT,WT,WT,0.0,
309,SR386,71,F,right_colon,right,,adenocarcinoma,G2,pT2,N0,,N0,I,,,,,pMMR,,Mutated,WT,WT,1.0,542.0
311,SR386,67,M,sigmoid,left,,adenocarcinoma,G2,pT2,N1,,N+(1-3),III,,,,,pMMR,,WT,WT,WT,0.0,
312,SR386,52,F,sigmoid,left,,adenocarcinoma,G2,pT4a,N2,,N+(>3),III,,,,,pMMR,,Mutated,WT,WT,0.0,
314,SR386,81,M,left_colon,left,,adenocarcinoma,G2,pT3,N0,,N0,II,,,,,pMMR,,WT,WT,WT,0.0,
315,SR386,53,F,transverse_colon,transverse,,adenocarcinoma,G3,pT4b,N2,,N+(>3),III,,,,,pMMR,,WT,WT,V600E,1.0,399.0
316,SR386,66,M,left_colon,left,,adenocarcinoma,G2,pT3,N0,,N0,II,,,,,pMMR,,WT,WT,WT,1.0,952.0
318,SR386,66,M,rectum,rectum,,adenocarcinoma,G2,pT2,N0,,N0,I,,,,,pMMR,,Mutated,WT,WT,0.0,
319,SR386,72,M,left_colon,left,,adenocarcinoma,G2,pT2,N0,,N0,I,,,,,dMMR,,WT,WT,WT,0.0,
321,SR386,69,M,sigmoid,left,,adenocarcinoma,G2,pT4b,N2,,N+(>3),III,,,,,pMMR,,WT,WT,WT,1.0,1417.0
324,SR386,61,M,right_colon,right,,adenocarcinoma,G2,pT4,N0,,N0,II,,,,,dMMR,,WT,WT,V600E,0.0,
325,SR386,57,M,right_colon,right,,adenocarcinoma,G2,pT4b,N0,,N0,II,,,,,pMMR,,WT,WT,WT,0.0,
326,SR386,97,F,right_colon,right,,mucinous_adenocarcinoma,G1,pT4b,N0,,N0,II,,,,,pMMR,,Mutated,WT,WT,1.0,196.0
327,SR386,50,M,rectum,rectum,,adenocarcinoma,G3,pT2,N0,,N0,I,,,,,pMMR,,WT,WT,,0.0,
329,SR386,83,M,rectum,rectum,,adenocarcinoma,G2,pT2,N0,,N0,I,,,,,pMMR,,WT,WT,WT,0.0,
330,SR386,66,M,rectum,rectum,,adenocarcinoma,G2,pT3,N0,M1,N0,IV,,,,,pMMR,,WT,WT,V600E,0.0,
331,SR386,55,F,rectum,rectum,,mucinous_adenocarcinoma,G3,pT4b,N2,M1,N+(>3),IV,,,,,pMMR,,Mutated,WT,WT,1.0,134.0
332,SR386,82,F,right_colon,right,,mucinous_adenocarcinoma,G2,pT4b,N2,M1,N+(>3),IV,,,,,dMMR,,WT,WT,V600E,1.0,18.0
333,SR386,88,M,right_colon,right,,mucinous_adenocarcinoma,G2,pT4b,N1,,N+(1-3),III,,,,,pMMR,,Mutated,WT,WT,1.0,1073.0
335,SR386,86,M,rectum,rectum,,adenocarcinoma,G2,pT3,N1,,N+(1-3),III,,,,,pMMR,,Mutated,WT,WT,0.0,
336,SR386,54,M,left_colon,left,,adenocarcinoma,G2,pT4b,N2,,N+(>3),III,,,,,pMMR,,Mutated,WT,WT,1.0,200.0
337,SR386,78,M,rectum,rectum,,adenocarcinoma,G2,pT2,N0,,N0,I,,,,,pMMR,,WT,WT,WT,0.0,
338,SR386,68,M,right_colon,right,,adenocarcinoma,G2,pT3,N1,,N+(1-3),III,,,,,pMMR,,WT,Mutated,WT,1.0,34.0
339,SR386,79,M,right_colon,right,,adenocarcinoma,G2,pT3,N0,,N0,II,,,,,pMMR,,Mutated,WT,WT,1.0,643.0
341,SR386,84,M,right_colon,right,,adenocarcinoma,G2,pT2,N1,,N+(1-3),III,,,,,pMMR,,WT,WT,WT,0.0,
342,SR386,39,M,right_colon,right,,adenocarcinoma,G2,pT3,N2,M1,N+(>3),IV,,,,,pMMR,,Mutated,WT,WT,1.0,805.0
343,SR386,76,F,right_colon,right,,adenocarcinoma,G2,pT3,N0,,N0,II,,,,,dMMR,,WT,WT,WT,0.0,
344,SR386,79,F,sigmoid,left,,adenocarcinoma,G3,pT3,N1,cM1,N+(1-3),IV,,,,,pMMR,,WT,WT,WT,1.0,73.0
346,SR386,71,F,rectum,rectum,,mucinous_adenocarcinoma,G2,pT3,N2,,N+(>3),III,,,,,pMMR,,Mutated,WT,WT,0.0,
347,SR386,74,F,right_colon,right,,mucinous_adenocarcinoma,G3,pT3,N1,,N+(1-3),III,,,,,pMMR,,WT,WT,WT,1.0,1801.0
350,SR386,80,F,rectum,rectum,,adenocarcinoma,G2,pT3,N0,,N0,II,,,,,pMMR,,Mutated,WT,WT,0.0,
351,SR386,71,F,transverse_colon,transverse,,adenocarcinoma,G2,pT2,N0,,N0,I,,,,,pMMR,,WT,WT,WT,0.0,
352,SR386,74,M,rectum,rectum,,adenocarcinoma,G2,pT3,N0,M1,N0,IV,,,,,pMMR,,WT,WT,WT,1.0,78.0
353,SR386,69,M,rectum,rectum,,adenocarcinoma,G2,pT2,N0,,N0,I,,,,,pMMR,,WT,WT,WT,0.0,
355,SR386,75,F,sigmoid,left,,adenocarcinoma,G3,pT4b,N2,M1,N+(>3),IV,,,,,pMMR,,WT,WT,WT,1.0,20.0
357,SR386,63,M,rectum,rectum,,adenocarcinoma,G2,pT2,N0,,N0,I,,,,,pMMR,,WT,WT,WT,0.0,
360,SR386,86,F,transverse_colon,transverse,,adenocarcinoma,G3,pT4b,N0,,N0,II,,,,,pMMR,,WT,WT,WT,1.0,1195.0
361,SR386,63,M,rectum,rectum,,adenocarcinoma,G2,pT3,N1,,N+(1-3),III,,,,,pMMR,,WT,WT,WT,1.0,1536.0
362,SR386,55,M,right_colon,right,,adenocarcinoma,G2,pT4b,N1,,N+(1-3),III,,,,,pMMR,,WT,Mutated,WT,0.0,
363,SR386,71,M,right_colon,right,,adenocarcinoma,G2,pT3,N0,,N0,II,,,,,dMMR,,WT,WT,V600E,1.0,595.0
364,SR386,42,M,left_colon,left,,adenocarcinoma,G2,pT3,N1,,N+(1-3),III,,,,,pMMR,,WT,WT,WT,0.0,
366,SR386,39,F,rectum,rectum,,adenocarcinoma,G2,pT2,N1,,N+(1-3),III,,,,,pMMR,,WT,WT,WT,0.0,
368,SR386,80,F,right_colon,right,,adenocarcinoma,G3,pT3,N2,M1,N+(>3),IV,,,,,dMMR,,WT,WT,V600E,1.0,76.0
372,SR386,78,M,right_colon,right,,adenocarcinoma,G2,pT4,N2,,N+(>3),III,,,,,pMMR,,Mutated,WT,WT,1.0,1125.0
373,SR386,70,M,right_colon,right,,adenocarcinoma,G2,pT4b,N0,,N0,IV,,,,,pMMR,,Mutated,WT,WT,0.0,
374,SR386,69,F,rectum,rectum,,adenocarcinoma,G2,pT2,N0,,N0,I,,,,,pMMR,,WT,WT,WT,1.0,663.0
375,SR386,71,M,right_colon,right,,adenocarcinoma,G2,pT3,N0,,N0,II,,,,,pMMR,,WT,WT,WT,0.0,
377,SR386,65,F,left_colon,left,,mucinous_adenocarcinoma,G3,pT1,N0,,N0,I,,,,,dMMR,,WT,WT,WT,0.0,
378,SR386,66,F,rectum,rectum,,adenocarcinoma,G2,pT3,pN2,,N+(>3),III,,,,,pMMR,,WT,WT,WT,0.0,
379,SR386,69,M,sigmoid,left,,adenocarcinoma,G2,pT3,N1,,N+(1-3),III,,,,,pMMR,,WT,WT,WT,0.0,
380,SR386,79,M,sigmoid,left,,adenocarcinoma,G2,pT3,N0,,N0,II,,,,,pMMR,,WT,WT,WT,0.0,
381,SR386,85,M,rectum,rectum,,mucinous_adenocarcinoma,G2,pT3,N0,,N0,II,,,,,pMMR,,WT,WT,WT,1.0,2297.0
382,SR386,63,M,rectum,rectum,,adenocarcinoma,G2,pT3,N0,,N0,II,,,,,pMMR,,Mutated,WT,WT,1.0,1191.0
384,SR386,86,M,sigmoid,left,,adenocarcinoma,G2,pT4b,N2,,N+(>3),III,,,,,pMMR,,WT,WT,WT,1.0,1584.0
386,SR386,55,M,sigmoid,left,,adenocarcinoma,G2,pT3,N0,,N0,II,,,,,pMMR,,WT,WT,WT,0.0,
387,SR386,87,F,left_colon,left,,adenocarcinoma,G2,pT3,N0,,N0,II,,,,,pMMR,,WT,WT,WT,1.0,962.0
389,SR386,80,F,right_colon,right,,adenocarcinoma,G2,pT3,N1,,N+(1-3),III,,,,,pMMR,,WT,WT,WT,0.0,
391,SR386,84,M,rectum,rectum,,adenocarcinoma,G1,pT3,N0,,N0,II,,,,,pMMR,,Mutated,WT,WT,1.0,509.0
392,SR386,81,M,sigmoid,left,,adenocarcinoma,G2,pT3,pN0,,N0,II,,,,,pMMR,,WT,WT,WT,1.0,947.0
393,SR386,59,M,left_colon,left,,adenocarcinoma,G2,pT3,N0,,N0,II,,,,,pMMR,,Mutated,WT,WT,0.0,
394,SR386,49,M,sigmoid,left,,adenocarcinoma,G2,pT3,N0,,N0,II,,,,,pMMR,,WT,WT,WT,0.0,
395,SR386,78,M,rectum,rectum,,adenocarcinoma,G2,pT3,N0,,N0,II,,,,,pMMR,,Mutated,WT,WT,0.0,
396,SR386,75,F,sigmoid,left,,adenocarcinoma,G2,pT3,N0,,N0,II,,,,,pMMR,,WT,WT,WT,0.0,
397,SR386,91,F,right_colon,right,,adenocarcinoma,G2,pT3,N0,,N0,II,,,,,pMMR,,WT,WT,Mutated,1.0,0.0
398,SR386,66,M,rectum,rectum,,adenocarcinoma,G2,pT3,N0,M1,N0,IV,,,,,pMMR,,WT,WT,WT,1.0,504.0
399,SR386,82,F,right_colon,right,,adenocarcinoma,G2,pT4b,N1,,N+(1-3),III,,,,,pMMR,,WT,Mutated,WT,0.0,
401,SR386,58,M,right_colon,right,,adenocarcinoma,G3,pT4b,N2,,N+(>3),III,,,,,pMMR,,WT,WT,V600E,1.0,136.0
402,SR386,77,M,right_colon,right,,adenocarcinoma,G2,pT4b,N0,,N0,II,,,,,dMMR,,Mutated,WT,WT,1.0,1851.0
403,SR386,33,F,sigmoid,left,,adenocarcinoma,G2,pT3,N1,,N+(1-3),III,,,,,pMMR,,WT,WT,WT,0.0,
404,SR386,83,M,sigmoid,left,,adenocarcinoma,G2,pT1,N0,,N0,I,,,,,pMMR,,WT,WT,WT,0.0,
405,SR386,69,M,rectum,rectum,,adenocarcinoma,G2,pT3,N1,,N+(1-3),III,,,,,pMMR,,WT,WT,V600E,1.0,1804.0
406,SR386,86,F,right_colon,right,,adenocarcinoma,G3,pT4b,pN2,,N+(>3),III,,,,,pMMR,,Mutated,WT,WT,1.0,620.0
407,SR386,75,M,rectum,rectum,,adenocarcinoma,G2,pT2,N0,,N0,I,,,,,pMMR,,WT,WT,WT,0.0,
408,SR386,75,M,rectum,rectum,,adenocarcinoma,G2,pT3,N0,,N0,II,,,,,pMMR,,Mutated,WT,WT,1.0,1139.0
409,SR386,57,F,rectum,rectum,,adenocarcinoma,G2,pT4b,N1,,N+(1-3),III,,,,,pMMR,,WT,WT,WT,1.0,764.0
410,SR386,58,F,rectum,rectum,,mucinous_adenocarcinoma,G1,pT3,N1,,N+(1-3),III,,,,,pMMR,,WT,WT,WT,0.0,
413,SR386,76,M,rectum,rectum,,adenocarcinoma,G3,pT3,N1,,N+(1-3),III,,,,,pMMR,,Mutated,WT,WT,1.0,1289.0
414,SR386,75,F,rectum,rectum,,adenocarcinoma,G3,pT4,N0,,N0,II,,,,,pMMR,,Mutated,WT,WT,1.0,1328.0
415,SR386,68,F,rectum,rectum,,adenocarcinoma,G2,pT3,N2,,N+(>3),III,,,,,pMMR,,WT,WT,WT,0.0,
416,SR386,69,M,right_colon,right,,adenocarcinoma,G2,pT4,N2,,N+(>3),III,,,,,pMMR,,Mutated,WT,WT,1.0,754.0
417,SR386,33,F,rectum,rectum,,adenocarcinoma,G2,pT3,N2,,N+(>3),III,,,,,pMMR,,WT,WT,WT,0.0,
418,SR386,54,M,rectum,rectum,,adenocarcinoma,G2,pT3,N0,,N0,II,,,,,pMMR,,WT,WT,WT,0.0,
419,SR386,59,F,right_colon,right,,mucinous_adenocarcinoma,G2,pT4,N1,,N+(1-3),III,,,,,pMMR,,Mutated,WT,WT,0.0,
421,SR386,86,F,right_colon,right,,adenocarcinoma,G2,pT3,N0,,N0,II,,,,,pMMR,,WT,WT,WT,0.0,
422,SR386,53,M,rectum,rectum,,adenocarcinoma,G2,pT2,N0,,N0,I,,,,,pMMR,,WT,WT,WT,0.0,
423,SR386,78,F,rectum,rectum,,adenocarcinoma,G2,pT3,N0,,N0,II,,,,,pMMR,,Mutated,WT,WT,1.0,1863.0
424,SR386,75,M,right_colon,right,,adenocarcinoma,G2,pT3,N0,,N0,II,,,,,pMMR,,Mutated,WT,WT,0.0,
425,SR386,52,F,rectum,rectum,,adenocarcinoma,G2,pT2,N1,,N+(1-3),III,,,,,pMMR,,Mutated,WT,WT,0.0,
426,SR386,67,M,sigmoid,left,,adenocarcinoma,G2,pT4b,N1,,N+(1-3),III,,,,,pMMR,,Mutated,WT,WT,0.0,
428,SR386,50,M,transverse_colon,transverse,,adenocarcinoma,G3,pT3,N1,,N+(1-3),III,,,,,pMMR,,WT,WT,WT,0.0,
429,SR386,83,M,right_colon,right,,adenocarcinoma,G2,pT4b,N2,,N+(>3),III,,,,,pMMR,,Mutated,WT,WT,1.0,388.0
430,SR386,74,F,sigmoid,left,,adenocarcinoma,G2,pT4a,N0,,N0,II,,,,,pMMR,,WT,WT,WT,1.0,
431,SR386,71,F,rectum,rectum,,adenocarcinoma,G2,pT2,N0,,N0,I,,,,,pMMR,,WT,WT,V600E,0.0,
433,SR386,69,F,right_colon,right,,adenocarcinoma,G2,pT1,N0,,N0,I,,,,,pMMR,,WT,WT,WT,0.0,
435,SR386,68,F,left_colon,left,,adenocarcinoma,G3,pT4b,N1,,N+(1-3),III,,,,,pMMR,,WT,WT,V600E,1.0,331.0
436,SR386,77,M,rectum,rectum,,adenocarcinoma,G2,pT3,N0,,N0,II,,,,,dMMR,,Mutated,WT,WT,0.0,
437,SR386,63,M,rectum,rectum,,adenocarcinoma,G2,pT3,N2,,N+(>3),III,,,,,pMMR,,WT,WT,WT,0.0,
438,SR386,88,M,sigmoid,left,,adenocarcinoma,G2,pT2,N0,,N0,I,,,,,pMMR,,WT,WT,WT,0.0,
439,SR386,82,F,right_colon,right,,adenocarcinoma,G2,pT4b,N1,,N+(1-3),III,,,,,pMMR,,WT,WT,WT,1.0,891.0
440,SR386,59,F,right_colon,right,,mucinous_adenocarcinoma,G2,pT3,N1,,N+(1-3),III,,,,,pMMR,,Mutated,WT,WT,0.0,
441,SR386,55,F,rectum,rectum,,adenocarcinoma,G2,pT4,N1,,N+(1-3),III,,,,,pMMR,,WT,WT,WT,0.0,
443,SR386,44,F,right_colon,right,,adenocarcinoma,G1,pT4,N2,,N+(>3),III,,,,,pMMR,,Mutated,WT,WT,1.0,1752.0
445,SR386,82,M,right_colon,right,,mucinous_adenocarcinoma,G2,pT3,N0,,N0,II,,,,,pMMR,,Mutated,WT,WT,0.0,
447,SR386,48,F,rectum,rectum,,adenocarcinoma,G3,pT3,N0,M1,N0,IV,,,,,pMMR,,WT,WT,WT,0.0,
448,SR386,58,M,right_colon,right,,mucinous_adenocarcinoma,G1,pT3,N1,,N+(1-3),III,,,,,pMMR,,WT,WT,V600E,0.0,
449,SR386,59,M,right_colon,right,,,,,,,,,,,,,pMMR,,WT,WT,WT,1.0,186.0
450,SR386,67,M,sigmoid,left,,adenocarcinoma,G2,pT2,N1,,N+(1-3),III,,,,,pMMR,,WT,WT,WT,0.0,
451,SR386,83,F,sigmoid,left,,adenocarcinoma,G2,pT3,N0,,N0,II,,,,,pMMR,,Mutated,WT,WT,1.0,1546.0
452,SR386,74,M,rectum,rectum,,adenocarcinoma,G2,pT3,N1,,N+(1-3),III,,,,,pMMR,,WT,WT,WT,0.0,
453,SR386,71,M,left_colon,left,,adenocarcinoma,G2,pT3,N0,,N0,II,,,,,pMMR,,WT,WT,WT,0.0,
454,SR386,58,F,sigmoid,left,,adenocarcinoma,G2,pT4b,N2,,N+(>3),III,,,,,pMMR,,WT,WT,WT,0.0,
455,SR386,52,F,rectum,rectum,,adenocarcinoma,G2,pT4,N1,,N+(1-3),III,,,,,pMMR,,Mutated,WT,WT,0.0,
456,SR386,69,M,sigmoid,left,,adenocarcinoma,G2,pT3,N0,,N0,II,,,,,pMMR,,WT,WT,WT,0.0,
459,SR386,66,M,sigmoid,left,,adenocarcinoma,G2,pT4b,N0,,N0,II,,,,,pMMR,,Mutated,WT,WT,1.0,912.0
460,SR386,61,F,right_colon,right,,adenocarcinoma,G2,pT4,N1,,N+(1-3),III,,,,,dMMR,,WT,WT,V600E,1.0,1188.0
461,SR386,81,F,right_colon,right,,adenocarcinoma,G2,pT3,N1,,N+(1-3),III,,,,,pMMR,,Mutated,WT,WT,0.0,
462,SR386,52,F,rectum,rectum,,adenocarcinoma,G2,pT3,N1,,N+(1-3),III,,,,,pMMR,,WT,WT,WT,0.0,
465,SR386,83,F,sigmoid,left,,adenocarcinoma,G2,pT3,N2,,N+(>3),III,,,,,pMMR,,Mutated,WT,WT,0.0,
468,SR386,67,M,rectum,rectum,,adenocarcinoma,G2,pT2,N0,,N0,I,,,,,pMMR,,WT,WT,WT,0.0,
469,SR386,88,F,transverse_colon,transverse,,adenocarcinoma,G2,pT4a,N2,,N+(>3),III,,,,,dMMR,,WT,WT,V600E,1.0,1452.0
470,SR386,85,M,sigmoid,left,,adenocarcinoma,G2,pT4,N0,,N0,II,,,,,pMMR,,WT,WT,WT,0.0,
471,SR386,82,M,rectum,rectum,,adenocarcinoma,G2,pT3,N1,,N+(1-3),III,,,,,pMMR,,Mutated,WT,WT,1.0,1603.0
472,SR386,71,M,rectum,rectum,,adenocarcinoma,G3,pT3,N0,,N0,II,,,,,pMMR,,WT,WT,WT,0.0,
473,SR386,80,M,rectum,rectum,,mucinous_adenocarcinoma,G2,pT3,N2,,N+(>3),III,,,,,pMMR,,Mutated,WT,WT,1.0,1074.0
474,SR386,67,F,rectum,rectum,,adenocarcinoma,G2,pT3,N0,,N0,II,,,,,pMMR,,WT,WT,WT,1.0,199.0
475,SR386,39,F,rectum,rectum,,adenocarcinoma,G2,pT4b,N2,M1,N+(>3),IV,,,,,pMMR,,WT,WT,V600E,1.0,1466.0
476,SR386,58,F,rectum,rectum,,adenocarcinoma,G3,pT1,N0,,N0,I,,,,,pMMR,,WT,WT,WT,0.0,
477,SR386,87,F,right_colon,right,,adenocarcinoma,G2,pT4,N1,,N+(1-3),III,,,,,pMMR,,WT,WT,WT,1.0,1443.0
478,SR386,55,M,rectum,rectum,,adenocarcinoma,G2,pT3,pN2,,N+(>3),III,,,,,pMMR,,WT,WT,WT,1.0,1866.0
479,SR386,59,F,rectum,rectum,,adenocarcinoma,G2,pT3,N0,,N0,II,,,,,pMMR,,WT,WT,WT,0.0,
480,SR386,57,F,right_colon,right,,adenocarcinoma,G1,pT4,N0,,N0,II,,,,,pMMR,,WT,WT,WT,1.0,1567.0
481,SR386,62,M,sigmoid,left,,adenocarcinoma,G2,pT3,N1,,N+(1-3),III,,,,,pMMR,,WT,WT,WT,0.0,
482,SR386,83,M,rectum,rectum,,adenocarcinoma,G2,pT2,N0,,N0,I,,,,,pMMR,,WT,WT,WT,0.0,
483,SR386,92,F,sigmoid,left,,adenocarcinoma,G2,pT3,N1,,N+(1-3),III,,,,,pMMR,,Mutated,WT,WT,1.0,730.0
484,SR386,77,F,sigmoid,left,,adenocarcinoma,G1,pT3,N0,,N0,II,,,,,pMMR,,WT,WT,WT,0.0,
486,SR386,81,M,rectum,rectum,,adenocarcinoma,G2,pT3,N1,,N+(1-3),III,,,,,pMMR,,WT,WT,WT,0.0,
487,SR386,73,M,rectum,rectum,,adenocarcinoma,G2,pT3,N2,,N+(>3),III,,,,,pMMR,,Mutated,WT,WT,0.0,
488,SR386,65,M,sigmoid,left,,adenocarcinoma,G2,pT3,N0,,N0,II,,,,,pMMR,,Mutated,WT,WT,0.0,
489,SR386,76,M,rectum,rectum,,adenocarcinoma,G2,pT3,N1,,N+(1-3),III,,,,,dMMR,,WT,WT,WT,0.0,
490,SR386,49,M,rectum,rectum,,adenocarcinoma,G1,pT4b,N2,,N+(>3),III,,,,,pMMR,,WT,WT,WT,1.0,864.0
491,SR386,66,F,left_colon,left,,adenocarcinoma,G2,pT3,N0,,N0,II,,,,,pMMR,,Mutated,WT,WT,0.0,
492,SR386,50,F,transverse_colon,transverse,,adenocarcinoma,G2,pT3,N0,,N0,II,,,,,pMMR,,WT,WT,WT,0.0,
493,SR386,59,M,,,,adenocarcinoma,G2,pT3,N2,,N+(>3),III,,,,,pMMR,,WT,WT,V600E,1.0,1319.0
494,SR386,64,F,rectum,rectum,,adenocarcinoma,G2,pT4,N0,,N0,II,,,,,pMMR,,WT,WT,WT,1.0,1461.0
495,SR386,80,M,rectum,rectum,,adenocarcinoma,G2,pT2,N0,,N0,I,,,,,pMMR,,WT,WT,Mutated,0.0,
496,SR386,71,M,rectum,rectum,,adenocarcinoma,G2,pT3,N1,,N+(1-3),III,,,,,pMMR,,WT,WT,WT,0.0,
498,SR386,61,F,right_colon,right,,adenocarcinoma,G3,pT4b,N1,,N+(1-3),III,,,,,pMMR,,Mutated,WT,WT,1.0,157.0
499,SR386,76,M,sigmoid,left,,adenocarcinoma,G2,pT4,N2,,N+(>3),III,,,,,pMMR,,WT,WT,WT,1.0,874.0
500,SR386,71,F,sigmoid,left,,adenocarcinoma,G2,pT2,N0,,N0,I,,,,,pMMR,,WT,WT,WT,0.0,
502,SR386,72,M,sigmoid,left,,adenocarcinoma,G2,pT3,N1,,N+(1-3),III,,,,,pMMR,,WT,WT,WT,1.0,984.0
504,SR386,66,M,rectum,rectum,,adenocarcinoma,G2,pT3,N0,M1,N0,IV,,,,,pMMR,,WT,WT,WT,1.0,624.0
505,SR386,74,M,right_colon,right,,mucinous_adenocarcinoma,G2,pT3,N0,,N0,II,,,,,pMMR,,WT,WT,WT,1.0,1256.0
506,SR386,55,F,rectum,rectum,,adenocarcinoma,G2,pT3,N0,,N0,II,,,,,pMMR,,WT,WT,WT,0.0,
507,SR386,75,F,sigmoid,left,,adenocarcinoma,G2,pT3,N1,,N+(1-3),III,,,,,pMMR,,WT,WT,WT,1.0,1859.0
509,SR386,73,M,sigmoid,left,,adenocarcinoma,G2,pT3,N1,,N+(1-3),III,,,,,pMMR,,WT,WT,WT,0.0,
510,SR386,79,M,right_colon,right,,adenocarcinoma,G2,pT3,N0,,N0,II,,,,,pMMR,,Mutated,WT,WT,0.0,
511,SR386,75,M,rectum,rectum,,adenocarcinoma,G1,pT3,N0,,N0,II,,,,,pMMR,,Mutated,WT,WT,1.0,886.0
514,SR386,74,M,transverse_colon,transverse,,adenocarcinoma,G2,pT3,N0,,N0,II,,,,,pMMR,,WT,WT,WT,0.0,
516,SR386,81,M,right_colon,right,,adenocarcinoma,G2,pT3,N0,,N0,II,,,,,pMMR,,WT,WT,WT,1.0,1409.0
517,SR386,75,F,right_colon,right,,mucinous_adenocarcinoma,G2,pT3,N1,,N+(1-3),III,,,,,pMMR,,WT,WT,WT,1.0,1156.0
518,SR386,71,F,rectum,rectum,,adenocarcinoma,G2,pT3,N1,,N+(1-3),III,,,,,pMMR,,Mutated,WT,WT,0.0,
519,SR386,77,M,rectum,rectum,,adenocarcinoma,G2,pT3,N0,,N0,II,,,,,pMMR,,WT,WT,WT,0.0,
520,SR386,83,M,sigmoid,left,,adenocarcinoma,G2,pT3,N2,,N+(>3),III,,,,,dMMR,,WT,WT,WT,0.0,
521,SR386,79,F,rectum,rectum,,adenocarcinoma,G2,pT3,N0,,N0,II,,,,,pMMR,,WT,WT,WT,0.0,
522,SR386,50,M,sigmoid,left,,adenocarcinoma,G2,pT3,N2,,N+(>3),III,,,,,pMMR,,WT,WT,WT,0.0,
523,SR386,75,M,right_colon,right,,adenocarcinoma,G2,pT4,N0,,N0,II,,,,,pMMR,,Mutated,WT,WT,1.0,702.0
524,SR386,48,F,rectum,rectum,,adenocarcinoma,G2,pT4b,N2,,N+(>3),III,,,,,pMMR,,WT,Mutated,WT,0.0,
526,SR386,56,M,rectum,rectum,,adenocarcinoma,G2,pT2,N0,,N0,I,,,,,pMMR,,Mutated,WT,WT,1.0,1821.0
528,SR386,78,M,right_colon,right,,adenocarcinoma,G2,pT3,N0,,N0,II,,,,,pMMR,,Mutated,WT,WT,0.0,
529,SR386,68,F,sigmoid,left,,adenocarcinoma,G2,pT4,N2,,N+(>3),III,,,,,pMMR,,Mutated,WT,WT,0.0,
531,SR386,73,M,rectum,rectum,,adenocarcinoma,G2,pT3,N2,,N+(>3),III,,,,,pMMR,,WT,WT,WT,1.0,777.0
532,SR386,40,F,right_colon,right,,adenocarcinoma,G2,pT3,N0,,N0,II,,,,,pMMR,,WT,WT,WT,0.0,
533,SR386,56,F,right_colon,right,,adenocarcinoma,G2,pT4,N2,,N+(>3),III,,,,,pMMR,,Mutated,WT,WT,1.0,633.0
534,SR386,76,M,sigmoid,left,,adenocarcinoma,G2,pT3,N0,,N0,II,,,,,pMMR,,WT,WT,WT,0.0,
535,SR386,58,M,sigmoid,left,,adenocarcinoma,G2,pT3,N0,,N0,II,,,,,pMMR,,WT,WT,WT,0.0,
536,SR386,49,F,rectum,rectum,,adenocarcinoma,G2,pT3,N1,,N+(1-3),III,,,,,pMMR,,WT,WT,WT,0.0,
537,SR386,85,M,right_colon,right,,adenocarcinoma,G2,pT3,N2,,N+(>3),III,,,,,pMMR,,Mutated,WT,WT,0.0,
539,SR386,55,F,right_colon,right,,adenocarcinoma,G3,pT3,N2,,N+(>3),III,,,,,pMMR,,WT,WT,WT,1.0,287.0
541,SR386,38,F,sigmoid,left,,adenocarcinoma,G2,pT3,N1,,N+(1-3),III,,,,,pMMR,,WT,WT,WT,0.0,
542,SR386,59,F,rectum,rectum,,adenocarcinoma,G3,pT4b,N2,,N+(>3),III,,,,,pMMR,,Mutated,WT,WT,1.0,1354.0
543,SR386,85,M,right_colon,right,,adenocarcinoma,G2,pT4b,N2,,N+(>3),III,,,,,pMMR,,Mutated,WT,WT,0.0,
544,SR386,66,M,rectum,rectum,,adenocarcinoma,G2,pT4,N0,,N0,II,,,,,pMMR,,WT,WT,WT,0.0,
548,SR386,81,F,right_colon,right,,adenocarcinoma,G2,pT3,N0,,N0,II,,,,,dMMR,,WT,WT,WT,1.0,1722.0
549,SR386,75,M,rectum,rectum,,adenocarcinoma,G2,pT2,N0,,N0,I,,,,,pMMR,,WT,WT,WT,1.0,596.0
550,SR386,52,F,rectum,rectum,,adenocarcinoma,G3,pT3,N0,,N0,II,,,,,pMMR,,WT,WT,Mutated,0.0,
551,SR386,59,F,sigmoid,left,,adenocarcinoma,G2,pT4b,N0,,N0,II,,,,,pMMR,,WT,WT,WT,1.0,1581.0
552,SR386,60,M,right_colon,right,,mucinous_adenocarcinoma,G2,pT3,N2,,N+(>3),III,,,,,pMMR,,Mutated,WT,WT,0.0,
553,SR386,69,F,rectum,rectum,,adenocarcinoma,G1,,N0,M1,N0,IV,,,,,pMMR,,WT,WT,WT,1.0,1104.0
554,SR386,70,M,rectum,rectum,,adenocarcinoma,G2,pT3,pN2,,N+(>3),III,,,,,pMMR,,WT,WT,WT,0.0,
556,SR386,65,F,right_colon,right,,adenocarcinoma,G2,pT4a,N0,,N0,II,,,,,dMMR,,WT,WT,V600E,0.0,
557,SR386,49,F,left_colon,left,,adenocarcinoma,G2,pT3,N0,,N0,II,,,,,pMMR,,WT,WT,WT,0.0,
558,SR386,74,M,sigmoid,left,,adenocarcinoma,G2,pT4b,N1,,N+(1-3),III,,,,,pMMR,,Mutated,WT,WT,1.0,668.0
560,SR386,76,M,right_colon,right,,mucinous_adenocarcinoma,G2,pT4b,N0,,N0,II,,,,,pMMR,,Mutated,WT,WT,0.0,
563,SR386,55,M,rectum,rectum,,adenocarcinoma,G2,pT4b,N0,,N0,II,,,,,pMMR,,WT,WT,WT,0.0,
564,SR386,62,M,sigmoid,left,,mucinous_adenocarcinoma,G2,pT3,N2,,N+(>3),III,,,,,pMMR,,Mutated,WT,WT,1.0,1036.0
565,SR386,56,M,rectum,rectum,,adenocarcinoma,G1,pT3,N0,,N0,II,,,,,pMMR,,WT,WT,WT,1.0,1224.0
567,SR386,64,M,rectum,rectum,,adenocarcinoma,G1,pT3,N1,,N+(1-3),III,,,,,pMMR,,WT,WT,WT,0.0,
568,SR386,68,M,left_colon,left,,adenocarcinoma,G2,pT3,N0,,N0,II,,,,,pMMR,,Mutated,WT,WT,0.0,
569,SR386,79,M,right_colon,right,,adenocarcinoma,G2,pT3,N0,,N0,II,,,,,pMMR,,WT,WT,WT,1.0,442.0
570,SR386,65,F,right_colon,right,,adenocarcinoma,G2,pT3,N0,,N0,II,,,,,pMMR,,Mutated,WT,WT,0.0,
571,SR386,84,F,rectum,rectum,,adenocarcinoma,G2,pT4b,N1,,N+(1-3),III,,,,,pMMR,,Mutated,WT,WT,0.0,
572,SR386,78,F,right_colon,right,,adenocarcinoma,G2,pT3,N0,,N0,II,,,,,pMMR,,Mutated,WT,WT,0.0,
573,SR386,76,F,left_colon,left,,mucinous_adenocarcinoma,G1,pT2,N1,,N+(1-3),III,,,,,pMMR,,WT,Mutated,WT,0.0,
574,SR386,74,F,right_colon,right,,adenocarcinoma,G2,pT3,N0,,N0,II,,,,,pMMR,,WT,WT,WT,0.0,
575,SR386,95,F,right_colon,right,,adenocarcinoma,G3,pT3,N2,,N+(>3),III,,,,,pMMR,,WT,WT,WT,1.0,159.0
576,SR386,46,M,rectum,rectum,,adenocarcinoma,G2,pT1,N0,,N0,I,,,,,pMMR,,Mutated,WT,WT,0.0,
578,SR386,49,F,rectum,rectum,,adenocarcinoma,G2,pT3,N1,,N+(1-3),III,,,,,pMMR,,Mutated,WT,WT,0.0,
580,SR386,37,M,left_colon,left,,adenocarcinoma,G2,pT4b,N2,,N+(>3),III,,,,,pMMR,,WT,WT,WT,1.0,1148.0
581,SR386,72,M,rectum,rectum,,adenocarcinoma,G2,pT3,pN2,,N+(>3),III,,,,,pMMR,,WT,WT,WT,1.0,1693.0
582,SR386,58,M,right_colon,right,,adenocarcinoma,G2,pT2,N0,,N0,I,,,,,pMMR,,WT,WT,WT,1.0,1296.0
583,SR386,87,F,sigmoid,left,,adenocarcinoma,G2,pT3,N0,,N0,II,,,,,pMMR,,WT,WT,WT,0.0,
